"Organisation","Country","Category","Partner Tier","Why relevant","What we ask","What we offer","Ideal decision-maker (title)","Partnership type","Priority /10","Opening approach","Strategic value","Source / note"
"Oxford University Hospitals NHS FT (maternity)","UK","NHS trust","1 Foundational","Large maternity unit; region with home BP-in-pregnancy research heritage (BUMP trials)","Service evaluation site; obstetric hypertension lead; 100–150 women","No-fee evaluation, safety artefacts, co-authorship","Consultant Obstetrician, Clinical Lead for Hypertension in Pregnancy; Head of Midwifery; Digital Midwife","Service evaluation → licence","9","Via Health Innovation Oxford & Thames Valley introduction; reference the BUMP evidence honestly","First customer; evidence","Public trust; verify current leads"
"University of Oxford, Nuffield Department of Primary Care Health Sciences (self-monitoring BP research)","UK","University research group","1 Foundational","Ran the BUMP trials on self-monitoring BP in pregnancy; world authority on the exact evidence gap","Evaluation partner; ethics sponsor; design of feasibility study","Prospective data; co-investigator role; grant co-bids","Professor of Primary Care Research leading the BP self-monitoring programme; senior researcher on BUMP","Research collaboration","10","Email citing BUMP findings and asking to design what happens after the reading","Evidence credibility","Public academic group"
"National Perinatal Epidemiology Unit (NPEU), University of Oxford (MBRRACE-UK)","UK","Research / data","4 Data","Runs MBRRACE-UK; methodology for maternal deaths and inequalities","Methods advice; equity indicator alignment; later data linkage","Continuous continuity data; equity reporting aligned to their framework","Director of NPEU; MBRRACE-UK lead","Research collaboration","9","Warm intro via Oxford; propose an equity-indicator workshop","National credibility","Public body"
"Guy's and St Thomas' NHS FT (maternity)","UK","NHS trust","3 Clinical","Large London unit; diverse population; digital maternity programmes","Second evaluation site","Evaluation, equity reporting","Clinical Director for Women's Services; Digital Midwife","Service evaluation","8","Via Health Innovation Network South London","Diversity; London credibility",""
"King's College Hospital NHS FT + King's College London Dept of Women & Children's Health","UK","NHS trust + university","1 Foundational","Leading research in pre-eclampsia and maternal health; diverse south London population","Research partner and site","Cohort design; data; co-authorship","Professor of Obstetrics/Maternal Health; Head of Department; Clinical Lead for Maternal Medicine","Research + service evaluation","9","Approach the department's maternal-health digital or pre-eclampsia lead with the equity design","Evidence; equity",""
"Imperial College Healthcare NHS Trust + Imperial College London","UK","NHS trust + university","3 Clinical","Maternity research and digital innovation; Institute of Reproductive and Developmental Biology","Site and research input","Evaluation; data","Consultant Obstetrician (Maternal Medicine); Head of Midwifery","Service evaluation","7","Via Imperial's innovation office","Evidence",""
"Birmingham Women's and Children's NHS FT","UK","NHS trust","3 Clinical","Specialist women's hospital; diverse population; MBRRACE inequality focus in the region","Evaluation site","Equity reporting; virtual ward","Chief Medical Officer; Head of Midwifery","Service evaluation","8","Via Health Innovation West Midlands","Diversity; specialist unit",""
"Liverpool Women's NHS FT + University of Liverpool (Centre for Women's Health Research)","UK","NHS trust + university","3 Clinical","Specialist women's hospital with research centre","Site and research","Evaluation; data","Director of Research; Consultant Obstetrician","Service evaluation + research","7","Via the research centre director","Evidence",""
"Manchester University NHS FT (Saint Mary's) + Tommy's Manchester Research Centre","UK","NHS trust + research","3 Clinical","Major unit; Tommy's stillbirth and maternal research","Site; research input","Evaluation","Clinical Head of Division (Obstetrics); Tommy's centre director","Service evaluation","7","Via Health Innovation Manchester","Evidence",""
"Leeds Teaching Hospitals NHS Trust (maternity)","UK","NHS trust","3 Clinical","Large unit; regional digital programmes","Evaluation site","Virtual ward","Head of Midwifery; Digital Midwife","Service evaluation","6","Via Health Innovation Yorkshire & Humber","Scale",""
"UCLH + UCL Institute for Women's Health","UK","NHS trust + university","3 Clinical","Research-intensive; women's health institute","Research partner","Data; co-authorship","Institute Director; Professor of Maternal and Fetal Medicine","Research","7","Approach institute innovation lead","Evidence",""
"Health Innovation Oxford & Thames Valley","UK","Health Innovation Network","5 Commercial","Front door to Oxford-region trusts; innovation exchange","Introductions to trusts; navigation support","A well-governed evaluation for their portfolio","Innovation Exchange Lead / Programme Manager (Maternity or Patient Safety)","Support agreement","10","Email with intended-use statement and evaluation concept; ask for the two-trust question","Door-opener",""
"Health Innovation Network South London","UK","Health Innovation Network","5 Commercial","Diverse London trusts; maternity safety programmes","Introductions","Equity-focused evaluation","Head of Innovation / Maternity Programme Lead","Support","9","Same as above","Door-opener",""
"Health Innovation Manchester","UK","Health Innovation Network","5 Commercial","Greater Manchester devolved health system; digital maturity","Introductions; ICB route","Evaluation; equity","Director of Innovation; Maternity lead","Support","8","Email","Door-opener; ICB",""
"Health Innovation West Midlands","UK","Health Innovation Network","5 Commercial","Region with high maternal inequality","Introductions","Equity design","Innovation Exchange lead","Support","8","Email","Door-opener",""
"NHS England — Maternity and Neonatal Programme (national MEWS)","UK","National body","6 Strategic","Owns national MEWS and the Single Delivery Plan","Alignment guidance; awareness","Continuity layer aligned to MEWS; equity data","Head of Maternity Transformation / National Clinical Lead for Maternity Safety","Engagement","8","Via HIN or NPEU introduction; never cold","Policy pull","Do not claim endorsement"
"NHS Race and Health Observatory","UK","National body","6 Strategic","Independent body on ethnic health inequalities; maternity is a priority","Review of equity design; visibility","Data on reach and response by ethnicity","Director of Research / Head of Maternal Health workstream","Engagement / research","8","Email proposing an equity-indicator review","Credibility on equity",""
"Royal College of Obstetricians and Gynaecologists (RCOG)","UK","Professional body","3 Clinical","Guidelines; digital and innovation interest","Process review; events","Alignment to guidance","Director of Clinical Quality; Digital/Innovation lead","Engagement","6","Approach via clinician partners","Legitimacy","No endorsement claims"
"Royal College of Midwives (RCM)","UK","Professional body","3 Clinical","Midwifery workforce; digital midwifery","Midwifery workflow review; training content","Training modules","Director for Professional Midwifery; Digital lead","Engagement","7","Email proposing a workflow review","Midwife adoption",""
"Tommy's","UK","Charity / research","1 Foundational","Largest UK pregnancy research charity; research centres; public reach","Review evaluation design; clinical champion introductions; community input","Data sharing under governance; co-branded information content","Head of Research; Director of Research and Policy","Research/community partnership","9","Email to Head of Research with the evaluation concept","Credibility; introductions",""
"Five X More","UK","Community organisation","1 Foundational","Campaign on Black maternal health outcomes; community trust","Equity design co-creation; community panel","Paid advisory role; transparent equity reporting","Co-founders","Community partnership","9","LinkedIn note then call; offer paid involvement","Legitimacy on equity","Public campaign founders"
"Birthrights","UK","Charity","3 Clinical","Human rights in maternity; safeguarding and consent expertise","Consent and rights review","Paid review; co-design","Chief Executive; Head of Policy","Advisory","7","Email","Consent architecture credibility",""
"Wellbeing of Women","UK","Charity / funder","7 Funding","Funds women's health research","Research funding; endorsement of study design","Study proposal","Director of Research","Grant","6","Apply when call opens","Funding",""
"Maternal Mental Health Alliance","UK","Charity network","3 Clinical","Perinatal mental health network","Postpartum module design","Routing to services; data","Chief Executive; Policy lead","Advisory","7","Email","Postpartum year design",""
"Sands","UK","Charity","3 Clinical","Bereavement; safety","Safety and sensitivity review","Content review","Head of Research and Prevention","Advisory","5","Email","Safety design",""
"PRSB (Professional Record Standards Body)","UK","Standards body","2 Technology","Sets record standards incl. maternity","Standards alignment; minimum dataset","Implementation feedback","Clinical Director; Programme lead","Engagement","6","Email","Interoperability credibility",""
"Health Data Research UK (HDR UK)","UK","Data institute","4 Data","Trusted research environments; data access","Cohort governance advice; TRE partnership","New perinatal dataset","Director of Infrastructure / Perinatal data lead","Research","6","Email","Data moat governance",""
"Born in Bradford (Bradford Institute for Health Research)","UK","Cohort study","4 Data","Diverse birth cohort; deprived population","Methods and linkage advice; site interest","Digital continuity for a new sub-cohort","Director; Head of Data","Research","7","Email","Data; diversity",""
"Clevermed (BadgerNet Maternity)","UK","Maternity record vendor","2 Technology","Dominant UK maternity record; MEOWS built in","Interface specification; partner status","Complementary home-monitoring; joint customers","Head of Partnerships / Product Director","Interface partnership","8","Approach after first trust LOI, through the trust's CCIO","Interoperability",""
"K2 Medical Systems","UK","Maternity systems vendor","2 Technology","Athena record and Guardian CTG; large installed base","Interface","Complementary product","Commercial Director; Product lead","Interface partnership","7","Same as Clevermed","Interoperability",""
"Magentus (Euroking)","UK","Maternity record vendor","2 Technology","Maternity record in many trusts","Interface","Complementary product","Partnerships lead","Interface partnership","6","Same","Interoperability",""
"Healthy.io","UK/Israel","Digital diagnostics","2 Technology","CE-marked smartphone urinalysis","API access; per-test pricing; maternity pathway","Maternity channel; case study","UK General Manager; Head of Partnerships","Commercial/integration","8","Email with pathway description","Urine protein at home",""
"Omron Healthcare UK","UK/Japan","Device maker","2 Technology","Validated BP monitors; medical channel","SDK; loan devices; pricing","Maternity channel; evidence","Medical Channel Manager UK; Head of Digital Health","Supply/integration","8","Call medical channel team","Validated input",""
"Withings","France","Device maker","2 Technology","Connected validated BP cuffs; B2B health programme","SDK; devices","Maternity use case","Head of B2B Health / Withings Health Solutions","Supply/integration","7","Email B2B team","Validated input",""
"A&D Medical (UK)","UK/Japan","Device maker","2 Technology","Validated BP monitors","Devices; pricing","Channel","UK Sales Manager (medical)","Supply","5","Email","Alternative device",""
"Bupa (UK)","UK","Insurer/provider","6 Strategic","Maternity benefits; private hospitals; international network","Exploratory pilot of postpartum continuity as a benefit","Evidence; product","Head of Health Innovation / Clinical Director for Women's Health","Pilot → commercial","7","Via Bupa innovation team; after UK evidence","Private payer; global",""
"AXA Health (UK)","UK","Insurer","6 Strategic","Health insurance; digital health partnerships","Pilot conversation","Continuity benefit","Head of Propositions / Partnerships","Pilot","5","Email","Payer",""
"Microsoft UK (Health & Life Sciences) / Microsoft for Startups","UK/US","Technology","2 Technology","Cloud credits; health data compliance; speech services","Credits; architecture review; speech language support","Reference case","Startup programme manager; Health industry lead","Credits/partnership","6","Apply to start-up programme; then industry lead","Infrastructure",""
"Amazon Web Services (AWS Activate / Healthcare)","UK/US","Technology","2 Technology","Credits; UK region; healthcare compliance","Credits; solution architect time","Reference","Startup account manager; Healthcare BD","Credits","6","Apply","Infrastructure",""
"Google Cloud for Startups / Google Health","UK/US","Technology","2 Technology","Credits; speech and translation in African languages","Credits; language support","Case study","Startup programme; Health partnerships","Credits","5","Apply","Voice/language",""
"Vodafone Business (UK) / Vodacom (Africa)","UK/Africa","Telecom","6 Strategic","Connectivity; zero-rating; IoT SIMs; African footprint","Zero-rated maternity messaging; IoT SIMs for devices","Programme scale","Head of Health, Vodafone Business; Vodacom health lead","Commercial","6","Email health vertical lead","Distribution; low-resource",""
"Philips (Netherlands)","Netherlands","Medtech","6 Strategic","Maternal and fetal monitoring; virtual care platforms","Interoperability; potential co-development later","Continuity layer for their monitoring","Head of Partnerships, Hospital Patient Monitoring / Venture lead","Strategic (year 3)","5","After UK evidence; via Philips Ventures","Distribution",""
"Erasmus MC (Rotterdam) — Obstetrics","Netherlands","Academic hospital","3 Clinical","Leading European obstetric research","EU evaluation partner (year 3)","Data; evaluation","Head of Obstetrics research","Research","4","Later","EU entry",""
"Karolinska Institutet (Stockholm)","Sweden","University","4 Data","Registry-based perinatal research","Methods; Nordic entry","Data collaboration","Professor of Obstetrics/Epidemiology","Research","4","Later","Evidence",""
"Nina Capital","Spain","Health-tech VC","7 Funding","Pre-seed/seed health-tech; EU network","Investment conversation (seed)","Deal","Managing Partner / GP","Investment","7","Via warm intro after LOI","Capital",""
"Heal Capital","Germany","Digital-health VC","7 Funding","European digital health","Seed conversation","Deal","Partner","Investment","5","Warm intro","Capital",""
"EIT Health","EU","Innovation network","7 Funding","EU health innovation programmes (UK eligibility TO VALIDATE)","Programme participation","Case","Programme manager UK/Ireland","Programme","4","Apply if eligible","Network",""
"March of Dimes","US","Foundation / NGO","6 Strategic","Maternal and infant health; innovation fund","US partner conversations (year 3)","Evidence; platform","Chief Innovation Officer / Innovation Fund lead","Strategic","4","Later","US entry",""
"Babyscripts","US","Competitor / benchmark","5 Commercial","Leading US prenatal remote monitoring","Benchmark; possible UK/Africa partnership","Non-US markets","CEO / Head of Partnerships","Benchmark → partnership","4","Later, from strength","Learning; option",""
"Mayo Clinic Platform","US","Health system platform","6 Strategic","Validation and platform programmes for health AI","Validation programme (year 3)","Data model","Platform partnerships lead","Strategic","3","Later","US credibility",""
"Rock Health","US","Fund / research","7 Funding","Digital-health seed and research","Seed conversation (US expansion)","Deal","Partner","Investment","4","Later","Capital",""
"Maven Clinic","US","Virtual women's health","5 Commercial","Largest virtual women's-health company; employer/payer channel","Partnership for continuity in non-US markets","Platform","Head of Partnerships / International","Commercial","3","Later","Payer channel",""
"mDoc Healthcare (Nigeria)","Nigeria","Digital-health company (incumbent in Ekiti/Lagos)","5 Commercial","Runs Digital Mom with MSD for Mothers; incumbent in target states","Complementarity partnership: continuity record and facility-side coordination beneath their programme","Interoperability; facility workflow; evidence","Founder & CEO; Head of Partnerships","MoU / partnership","8","Founder-to-founder email proposing complementarity, not competition","Turns a competitor into a channel",""
"Society for Family Health (Nigeria)","Nigeria","NGO implementer","1 Foundational","Large Nigerian health NGO; maternal programmes; donor contracts","Cohort of 500–2,000 women; community health workers","Free platform; training; evaluation","Managing Director; Director of Programmes (RMNCH)","MoU + evaluation","8","Email programme director","Second market",""
"Jhpiego (Nigeria/Global)","Nigeria/US","NGO implementer","1 Foundational","Maternal health implementation at scale; donor programmes","Technology-partner role in a funded programme","Continuity layer; evaluation","Country Director Nigeria; Director of Digital Health","MoU / sub-contract","8","Email country office","Programme access",""
"Lagos State Ministry of Health / Lagos State PHC Board","Nigeria","State government","5 Commercial","Largest state; existing digital maternal programmes (mDoc)","Complementarity pilot with an implementer","Continuity record; equity data","Commissioner for Health; Permanent Secretary; PHC Board ES","MoU","6","Via implementer, never cold","Scale",""
"Ekiti State Ministry of Health","Nigeria","State government","5 Commercial","Prior conversation (March 2026); incumbent programme present","Re-scoped complementarity pilot","Phased evidence pilot","Commissioner for Health; Programme Manager for maternal health","MoU","6","Reply with the re-scoped proposal","Existing relationship","See FACTS_BASE"
"NPHCDA (National Primary Health Care Development Agency)","Nigeria","National agency","6 Strategic","Primary health care; BHCPF financing","Awareness; alignment","Continuity layer for PHCs","Director of Community Health Services; Digital Health lead","Engagement","5","Via implementer","National alignment",""
"SOGON (Society of Gynaecology and Obstetrics of Nigeria)","Nigeria","Professional body","3 Clinical","Clinical legitimacy in Nigeria","Clinical review; champions","Alignment","President; Secretary General","Engagement","6","Email; conference","Legitimacy",""
"MTN Nigeria","Nigeria","Telecom","6 Strategic","Largest operator; mobile health programmes; zero-rating","Zero-rated messaging; USSD short code","Programme scale; CSR","Head of Digital Services / CSR (MTN Foundation)","Commercial/CSR","6","Email foundation and digital services","Distribution",""
"Airtel Africa","Nigeria/pan-Africa","Telecom","6 Strategic","Pan-African footprint","Messaging; USSD","Scale","Head of Mobile Health / Partnerships","Commercial","5","Email","Distribution",""
"Safaricom (Kenya)","Kenya","Telecom","6 Strategic","M-PESA; health platforms; Kenya entry","Messaging; payments; distribution","Kenya programme","Head of Health, Safaricom / M-PESA partnerships","Commercial","5","Later","Kenya entry",""
"Jacaranda Health (Kenya)","Kenya","NGO / digital maternal health","5 Commercial","PROMPTS SMS maternal platform at scale","Learning exchange; possible interoperability","Continuity record for facility side","CEO; Director of Technology","Partnership","5","Founder email","Kenya; learning",""
"Praekelt.org (MomConnect, South Africa)","South Africa","NGO / digital health","5 Commercial","National maternal messaging platform","Learning; interoperability","Record layer","CEO; Head of Health","Partnership","4","Email","Learning",""
"PATH","Global","Global health NGO","6 Strategic","Digital health and maternal programmes; DHIS2 ecosystem","Digital-health advisory; programme partnership","Evidence","Director of Digital Health / Country Director Nigeria","Partnership","5","Email","Programme access",""
"UNICEF Nigeria (Health) / UNICEF Innovation","Nigeria/Global","UN agency","6 Strategic","Maternal and newborn programmes; innovation fund","Programme alignment; innovation fund application","Continuity tools","Chief of Health; Innovation Fund manager","Programme/funding","5","Apply; programme contact via implementer","Scale; funding",""
"Bill & Melinda Gates Foundation (Maternal, Newborn & Child Health)","US/Global","Foundation","7 Funding","Largest maternal-health funder; Nigeria focus","Grant for low-resource validation (via partner)","Evidence; cohort","Program Officer, MNCH / Digital Health","Grant (via implementer)","6","Via implementer or Grand Challenges routes","Funding; credibility",""
"MSD for Mothers","US/Global","Corporate initiative","7 Funding","Funds maternal programmes incl. mDoc; UK and Nigeria activity","Programme funding; introductions","Continuity layer for funded programmes","Director, MSD for Mothers (UK/Africa lead)","Grant/programme","7","Email with complementarity to mDoc","Funding; credibility",""
"Grand Challenges Canada","Canada/Global","Funder","7 Funding","Seed and transition-to-scale funding for global-health innovations","Application when call opens","Evidence plan","Program lead, Global Health","Grant","7","Apply","Funding",""
"Fondation Botnar","Switzerland","Foundation","7 Funding","Digital health for young people incl. maternal","Programme funding","Evidence","Programme Manager","Grant","5","Apply","Funding",""
"Children's Investment Fund Foundation (CIFF)","UK/Global","Foundation","7 Funding","Maternal and child health at scale","Programme funding via partners","Evidence","Director, Maternal & Child Health","Grant (via partner)","4","Via implementer","Funding",""
"Roche Diagnostics (UK / Global)","UK/Switzerland","Diagnostics","6 Strategic","sFlt-1/PlGF pre-eclampsia testing recommended in NICE NG133","Pathway alignment; later co-development of a home-monitoring-to-test pathway","Pathway data; adherence","Medical Affairs Lead, Women's Health; Head of Market Access UK","Co-development (year 2)","7","Medical affairs email after first LOI","Pathway credibility; commercial",""
"Ferring Pharmaceuticals","Switzerland/UK","Pharma","6 Strategic","Postpartum haemorrhage and reproductive medicine","Programme partnership (postpartum)","RWE","Medical Affairs, Women's Health","Strategic (year 2–3)","4","Later","Postpartum",""
"Organon","US/UK","Pharma (women's health)","6 Strategic","Women's-health company; contraception and maternal health interest","Postpartum programme; RWE","Cohort access under governance","Head of Medical Affairs UK; Partnerships","Strategic (year 2–3)","4","Later","Women's health",""
