"investor_name","investor_type","subcategory","country","city","website","linkedin_url","phone_investment_team","phone_office","phone_investor_relations","phone_source_url","phone_verification_status","email_investment","email_general","email_source_url","investment_focus","healthcare_focus","technology_focus","geography_focus","investment_stage","typical_ticket","fund_size_or_aum","relevant_portfolio","decision_maker_name","decision_maker_role","decision_maker_source_url","contact_route","warm_intro_possibility","source_urls","last_verified","notes","why_investor_for_vytalix","likely_objection","pitch_angle","sector_fit_20","stage_fit_15","ticket_fit_15","geo_fit_10","strategic_fit_15","maternalink_fit_10","accessibility_5","network_value_10","c_phone_3","c_direct_route_2","c_named_dm_1","c_email_1","c_linkedin_1","c_warm_intro_1","c_info_quality_1"
"Octopus Ventures","Venture Capital","Multi-stage VC with dedicated health team and pre-seed programme","United Kingdom","London","https://octopusventures.com/","https://www.linkedin.com/company/octopus-ventures/","","","","","PHONE NOT PUBLICLY AVAILABLE","NOT PUBLICLY AVAILABLE","NOT PUBLICLY AVAILABLE","https://octopusventures.com/contact/","B2B software, fintech, health, deep tech, consumer; pre-seed to Series B+","Yes - dedicated health investment team (digital health, healthtech, bio); health-investments page","Digital platforms, AI, SaaS, health data","UK and Europe","Pre-seed (standard £100k cheque via pre-seed team), Seed, Series A, Series B+","£100k pre-seed; £1m-£10m seed/Series A (per octopusventures.com FAQ / partnershipsbuddy summary)","c.£2bn+ AUM across funds (ESTIMATE from public reporting)","Vira Health (menopause / older women's health; led $12m seed), Perci Health (cancer survivorship digital care), Elvie (women's health hardware - prior knowledge)","Will Gibbs","Partner, Health team (name from prior knowledge - confirm on team page)","https://octopusventures.com/health-investments/","Web pitch form: https://octopusventures.com/contact/ (pre-seed team makes decisions within ~2 weeks per FAQ)","Possible - via Vira Health or Perci Health founders (women's-health portfolio) or Octopus pre-seed alumni","https://octopusventures.com/contact/;https://octopusventures.com/health-investments/;https://octopusventures.com/about/faq/;https://octopusgroup.com/newsroom/latest-news/octopus-ventures-launches-pre-seed-team-led-by-seedcamp-and-uber-alumni/;https://www.uktechnews.info/2022/03/15/vira-health-secures-9-2-million-seed-investment-led-by-octopus-ventures/;https://register.fca.org.uk/s/firm?id=001b000000MfISpAAN;https://find-and-update.company-information.service.gov.uk/company/03843058","2026-09-07","Registered address 33 Holborn, London EC1N 2HT (Companies House). Official contact page pushes online pitch submission; no team phone shown in official-domain search results. A personal staff email surfaced in a search snippet but is not a published general inbox so it is not recorded. FCA-authorised (Octopus Ventures Limited).","Octopus runs a dedicated £100k pre-seed programme plus a health team that has already led rounds in women's-health companies (Vira Health), so it can meet Vytalix at pre-formation stage and follow on.","Octopus will ask why a services-led group with an undocumented MaternaLink IP position and no UK clinical partner is a venture-scale software company rather than a consultancy.","Position MaternaLink (in development) as a UK-first maternal care-coordination platform aimed at the MBRRACE-UK Black maternal-outcomes gap, with a clear IP-consolidation and NHS pilot plan before asking for the £100k pre-seed cheque.","18","13","13","10","12","7","3","9","0","2","1","0","1","1","1"
"MMC Ventures","Venture Capital","Seed / Series A research-led VC (EIS and institutional funds)","United Kingdom","London","https://mmc.vc/","https://uk.linkedin.com/company/mmc-ventures","","020 7938 2220","","https://mmc.vc/contact-us/","VERIFIED 2026-09-07 (source in phone_source_url)","invest@mmc.vc","invest@mmc.vc","https://mmc.vc/contact-us/","Enterprise AI, fintech, data-driven health, data infrastructure, cloud; Seed and Series A","Yes - 'data-driven health' is a named investment theme","AI, SaaS, data infrastructure, digital health","UK and Europe","Seed, Series A (research-led)","c.£1m-£5m initial (ESTIMATE from public profiles); EIS fund also invests at seed","200+ portfolio companies, 24 exits (per LinkedIn / profiles); AUM not stated in results","Current Health (remote patient monitoring, acquired by Best Buy), XUND (AI symptom-check / medical API, seed extension), Synthesia, Signal AI","Simon Menashy","Partner (name from prior knowledge - confirm on https://mmc.vc/team/)","https://mmc.vc/team/","Email invest@mmc.vc or contact form https://mmc.vc/contact-us/","Possible - via Current Health or XUND founders (digital-health portfolio)","https://mmc.vc/contact-us/;https://mmc.vc/team/;https://mmc.vc/;https://uk.linkedin.com/company/mmc-ventures;https://find-and-update.company-information.service.gov.uk/company/03946009;https://find-and-update.company-information.service.gov.uk/company/11791523","2026-09-07","Office 24 High Holborn, London WC1V 6AZ and phone shown in official-domain (mmc.vc) search result. Research-led house; 'data-driven health' theme favours evidence and data assets Vytalix does not yet hold.","MMC has a named data-driven-health theme, a public invest@ inbox and an EIS fund that can write seed cheques into UK companies, making it reachable without a warm intro.","MMC's research-led seed/Series A model expects product, data and early traction, which a pre-formation group without a validated MaternaLink prototype cannot yet show.","Approach after incorporation and SEIS/EIS advance assurance with a data-strategy narrative: how MaternaLink's care-coordination v1 builds the longitudinal maternal dataset that later supports the (v3+) AI research track.","15","10","10","10","10","5","4","8","1","2","1","1","1","1","1"
"Ada Ventures","Venture Capital","Inclusive pre-seed / seed VC (themes: healthy ageing, climate equity, economic empowerment)","United Kingdom","London","https://www.adaventures.com/","https://uk.linkedin.com/company/ada-ventures","","","","","PHONE NOT PUBLICLY AVAILABLE","NOT PUBLICLY AVAILABLE","NOT PUBLICLY AVAILABLE","https://www.adaventures.com/","Pre-seed and seed technology companies for 'a better human future' across healthy ageing, climate equity and economic empowerment; inclusive sourcing (Ada Scouts)","Yes - healthy ageing / health is one of three core themes; healthcare Venture Partners (e.g. Alasdair Thong)","Software, digital platforms, AI","UK-first, Northern Europe","Pre-seed, Seed","£250k-£1.5m (Fund II, per adaventures.com / Better Society Capital)","Fund II (2023) c.£63m (prior knowledge; TO VALIDATE)","Multiomic Health (metabolic health), plus Fund I health companies (e.g. Bippit / Organise - non-health; prior knowledge not verified)","Check Warner","Co-founder and Partner (name from prior knowledge - confirm on team page)","https://www.adaventures.com/","Web pitch portal on https://www.adaventures.com/ (dedicated founder submission form; open to cold applications)","Possible - via Ada Scouts network (community scouts paid to refer under-represented founders)","https://www.adaventures.com/;https://uk.linkedin.com/company/ada-ventures;https://bettersocietycapital.com/portfolio/ada-ventures-i/;https://signal.nfx.com/investor-lists/top-digital-health-pre-seed-investors;https://superscout.co/investor/ada-ventures","2026-09-07","Explicitly backs 'the best, not just the best-connected' with an open portal - strong fit for a Black founder building for Black maternal outcomes. Better Society Capital is an LP in Fund I (impact lens). No phone shown on official site in results.","Ada writes £250k-£1.5m pre-seed cheques through an open portal, has a health theme and an explicit inclusion mandate that aligns with MaternaLink's focus on Black maternal-health disparities.","Ada's health theme is framed around healthy ageing, so it may see a maternal-health platform with a Nigeria government-sales story as off-thesis and too early on evidence.","Lead with the UK Black maternal-outcomes gap as an equity problem, the founder's lived proximity to it, and a UK-first care-coordination v1 with a costed pilot, keeping Nigeria as a later option value.","15","15","15","10","9","7","4","7","0","2","1","0","1","1","1"
"Seedcamp","Venture Capital","Pre-seed / seed fund (Europe's seed fund)","United Kingdom","London","https://seedcamp.com/","https://www.linkedin.com/company/seedcamp/","","+442039362828","","https://seedcamp.com/complaints/","VERIFIED 2026-09-07 (source in phone_source_url)","NOT PUBLICLY AVAILABLE","NOT PUBLICLY AVAILABLE","https://seedcamp.com/contact/","Pre-seed and seed across software, AI/ML, fintech, healthtech; Europe-wide","Partial - healthtech is one of several verticals (e.g. Sano Genetics, Cera - prior knowledge)","Software, AI/ML, marketplaces, digital health","Europe (UK HQ)","Pre-seed, Seed","c.£300k-£1m+ initial (ESTIMATE from public profiles)","Seedcamp Fund VI c.$180m (prior knowledge; TO VALIDATE)","Healthtech companies in portfolio (search results confirm healthtech vertical; specific names TO VALIDATE, e.g. Sano Genetics, Cera from prior knowledge)","Reshma Sohoni","Co-founder and Managing Partner (named on seedcamp.com complaints page)","https://seedcamp.com/complaints/","Web application via https://seedcamp.com/contact/ (email submission guidance on site; no public pitch@ address found)","Possible - via Seedcamp portfolio founders or the Seedcamp Nation community","https://seedcamp.com/complaints/;https://seedcamp.com/contact/;https://seedcamp.com/faqs/;https://seedcamp.com/our-team/;https://find-and-update.company-information.service.gov.uk/company/OC391626;https://signal.nfx.com/investor-lists/top-digital-health-pre-seed-investors","2026-09-07","Phone is the number published on the official complaints page (Soho Works, 72-74 Dean Street, W1D 3SG) - a general line, not an investment-team line. Registered office 12 Little Portland Street, W1W 8BJ (Companies House).","Seedcamp invests at true pre-seed across Europe, lists healthtech as a vertical and accepts cold applications, so it is a plausible first institutional cheque once Vytalix is incorporated.","Seedcamp backs global-market software founders with technical teams, and will question a UK-Nigeria maternal-health platform whose code ownership and founding team are not yet documented.","Present a tight founding team (technical lead named, MaternaLink IP assigned) and a software-first model - care coordination SaaS sold to NHS trusts and integrated care boards - with Africa as expansion, not the core thesis.","12","15","14","9","8","4","3","9","1","2","1","0","1","1","1"
"LocalGlobe (Phoenix Court)","Venture Capital","Pre-seed / seed VC (Phoenix Court group; Latitude for later stage)","United Kingdom","London","https://www.phoenixcourt.vc/localglobe","https://www.linkedin.com/company/localglobe/","","","","","PHONE NOT PUBLICLY AVAILABLE","NOT PUBLICLY AVAILABLE","NOT PUBLICLY AVAILABLE","https://www.phoenixcourt.vc/localglobe","Pre-seed and seed across sectors including digital health, fintech, consumer, deep tech; UK-first","Yes - health tech is a named focus with a dedicated partner (Julia Hawkins) and a published health-tech white paper","Software, digital health, AI, marketplaces","UK-first (Phoenix Court is based in Somers Town, London)","Pre-seed, Seed (Series A via Latitude)","c.£500k-£3m initial (ESTIMATE from public profiles)","LocalGlobe VIII and later funds; group AUM not stated in results","Apian (healthcare drone logistics API), Echo (NHS repeat prescriptions, acquired), Zebra Medical Vision (AI imaging), MyHeritage","Julia Hawkins","Partner, Health Tech (per UKTN article on her hire)","https://www.uktech.news/news/vc-fund-localglobe-hires-new-partner-20180314","Website submission via https://www.phoenixcourt.vc/localglobe (no formal form; warm intro preferred)","Possible - via Phoenix Court portfolio founders or its Somers Town community programmes","https://www.phoenixcourt.vc/localglobe;https://www.uktech.news/news/vc-fund-localglobe-hires-new-partner-20180314;https://medium.com/localglobe-notes/white-paper-health-tech-observations-from-localglobe-9cdbe2e8df1b;https://startups.eithealth.eu/investors/localglobe/portfolio/current;https://f4.fund/firms/localglobe","2026-09-07","Address 1 Brill Place, London NW1 1EL (Phoenix Court). No public phone or general email surfaced in results. Phoenix Court also runs place-based/impact initiatives in Camden that may value a Black maternal-health mission.","LocalGlobe seeds UK founders at pre-seed, has a health-tech partner and NHS-facing portfolio (Echo, Apian), and its Phoenix Court community lens fits a mission-led maternal-health company.","LocalGlobe prefers strong technical founding teams with early product signal, and will be wary of a concept-stage platform whose IP sits with a separate 'Maternal Link' CEO.","Use the health-tech white paper's language: show MaternaLink as NHS-workflow-native care coordination with a named NHS trust pilot pathway, and resolve the IP question before first contact.","15","14","12","10","10","5","2","9","0","1","1","0","1","1","1"
"Kindred Capital","Venture Capital","Seed VC (equitable venture model - founders share carry)","United Kingdom","London","https://kindredcapital.vc/","https://www.linkedin.com/company/kindred-capital/","","","","","PHONE NOT PUBLICLY AVAILABLE","NOT PUBLICLY AVAILABLE","NOT PUBLICLY AVAILABLE","https://kindredcapital.vc/","Pre-seed, seed and Series A across AI, robotics, health technologies, software; all-partner investment team","Partial - health technologies named as a sector; portfolio includes Latent Labs (generative models for health/biology)","AI, robotics, SaaS, deep tech","Europe (UK-based), open to global","Pre-seed, Seed, Series A","$1m-$5m (per privateequitylist / openvc summaries)","Fund III c.£200m (prior knowledge; TO VALIDATE)","Latent Labs (generative AI for biology), Fractile, RobCo, Paddle, Dexory","Leila Zegna","Co-founder and General Partner (name from prior knowledge - confirm on team page)","https://kindredcapital.vc/","Website contact/pitch route at https://kindredcapital.vc/ (no public pitch email found); warm intro preferred","Possible - via Kindred portfolio founders (all founders hold carry and are incentivised to refer)","https://kindredcapital.vc/;https://find-and-update.company-information.service.gov.uk/company/OC401508;https://privateequitylist.com/investors/kindred-capital;https://www.openvc.app/fund/Kindred%20Capital;https://www.vcsheet.com/sheet/digital-health-funds","2026-09-07","Registered office Percy House, 33 Gresse Street, London W1T 1QU (Companies House); an older address at 44-46 Sekforde Street EC1R 0HA also appears. No phone or general email found in official results. Health exposure is mainly AI/bio rather than care-delivery platforms.","Kindred writes seed cheques into UK health and AI companies with an all-partner team, so a founder gets a fast decision from a decision-maker rather than an associate screen.","Kindred's health bets are AI/bio-heavy and its $1m+ minimum is above Vytalix's realistic first round, so it will see the company as too early and too services-led.","Reserve Kindred for the seed round after a UK pilot, framing MaternaLink's future multimodal risk-scoring research track as the AI thesis and the care-coordination platform as the data-generating wedge.","10","12","9","10","7","3","2","8","0","1","1","0","1","1","1"
"Amadeus Capital Partners","Venture Capital","Deep-tech VC with 'Human' healthtech vertical (seed to growth)","United Kingdom","London / Cambridge","https://www.amadeuscapital.com/","https://www.linkedin.com/company/amadeus-capital-partners/","","","","","PHONE NOT PUBLICLY AVAILABLE","NOT PUBLICLY AVAILABLE","NOT PUBLICLY AVAILABLE","https://www.amadeuscapital.com/locations/","Seed to growth in three areas: Intelligence (AI, computing, quantum), Human (health, medicine, wellness), Planet (sustainability, energy, materials, space)","Yes - dedicated 'Human' healthtech/medtech/biotech vertical (diagnostics, treatment, digital health)","AI in diagnostics, digital health, medtech, deep tech","UK and Europe (offices London, Cambridge, Oxford, Lausanne, San Francisco)","Seed, Series A, growth","c.£1m-£10m (ESTIMATE; seed cheques smaller via early-stage fund)","c.$1bn+ raised historically (ESTIMATE from public profiles)","Doctify (patient-provider booking SaaS), Healx (AI drug discovery), Igenomix (reproductive genetics / women's health), Optos (retinal imaging)","Anne Glover","Co-founder and Chief Executive (public profile)","https://en.wikipedia.org/wiki/Anne_Glover_(businesswoman)","Office contact details on https://www.amadeuscapital.com/locations/ (registered office Suite 1, 2nd Floor, 2 Quayside, Cambridge CB5 8AB); no public pitch email found","Possible - via Doctify or Igenomix networks (women's-health / healthtech portfolio)","https://www.amadeuscapital.com/;https://www.amadeuscapital.com/human-healthtech-venture-capital/;https://www.amadeuscapital.com/locations/;https://www.amadeuscapital.com/the-team/;https://en.wikipedia.org/wiki/Anne_Glover_(businesswoman);https://adviserinfo.sec.gov/firm/summary/161838","2026-09-07","Official-domain search returned only a PR adviser's mobile (personal mobile - not recorded) and no office switchboard; an info@ address surfaced only in scraped-directory snippets so it is not recorded. London office listed by directories at 130 Jermyn Street SW1Y 4UR (TO VALIDATE).","Amadeus has a named healthtech vertical, a women's-health precedent (Igenomix) and a seed capability, giving Vytalix a credible deep-tech investor for the AI research track of MaternaLink.","Amadeus backs IP-rich, science-led companies with clinical evidence, and a pre-formation care-coordination platform with no validated model or clinical partner will look under-powered for its thesis.","Approach only once a data partnership and ethics pathway exist, pitching the Maternal Instability Score research programme as a UK-MDR-ready SaMD opportunity built on MaternaLink's real-world maternal dataset.","16","9","8","10","11","5","2","8","0","0","1","0","1","1","1"
"AlbionVC","Venture Capital","UK seed / Series A VC for B2B software and healthcare (VCT-backed; manages UCL Technology Fund)","United Kingdom","London","https://albion.vc/","https://www.linkedin.com/company/albionvc","","+44 (0)20 7601 1850","","https://albion.vc/contact-us/","VERIFIED 2026-09-07 (source in phone_source_url)","NOT PUBLICLY AVAILABLE","NOT PUBLICLY AVAILABLE","https://albion.vc/contact-us/","UK early-stage B2B software and healthcare; seed and Series A","Yes - healthtech portfolio of c.15 companies (digital care, GP/hospital solutions, data aggregation, AI analytics, decentralised trials); Healthtech Hub; partnership with Harley Street Health District","Digital health, SaaS, AI analytics, life sciences","United Kingdom","Seed, Series A","$1m-$5m initial (per privateequitylist summary); can go smaller via UCL Technology Fund","c.$1bn venture funds under management, 50+ companies","Oviva (virtual weight-management clinic, backed since 2016 seed), plus 15 healthtech companies across digital care and NHS-facing solutions; Freeline and Orchard Therapeutics (life sciences)","Dr Christoph Ruedig","Partner, healthcare (name from prior knowledge - confirm on https://albion.vc/team/)","https://albion.vc/team/","Contact form https://albion.vc/contact-us/ or office phone; Healthtech Hub https://albion.vc/healthtech-hub/","Possible - via Harley Street Health District partnership, UCL Technology Fund network or Oviva alumni","https://albion.vc/contact-us/;https://albion.vc/team/;https://albion.vc/healthtech-hub/;https://albion.vc/complaints-procedures/;https://find-and-update.company-information.service.gov.uk/company/OC341254;https://www.frontiers.health/stories/announcement/a-partner-to-visionary-founders-in-digital-health-and-life-sciences-albionvc-returns-for-fh23","2026-09-07","Phone and address (1 Benjamin Street, London EC1M 5QL) shown in official-domain (albion.vc) search results - a firm switchboard, not a direct investment line. Email on contact page is obfuscated in search results so not recorded.","AlbionVC is one of the few UK VCs with a dedicated healthtech practice, NHS-facing portfolio and a verified office line, making it a realistic seed lead once Vytalix has a UK pilot.","Albion's healthcare team will ask for clinical evidence, NHS procurement understanding and a documented IP position, none of which Vytalix can evidence today.","Use the Harley Street Health District link: propose MaternaLink as a care-coordination pilot for a London maternity pathway with measurable outcome and equity metrics before requesting a seed cheque.","18","11","10","10","13","5","4","9","1","2","1","0","1","1","1"
"Parkwalk Advisors","Venture Capital","EIS fund manager for UK university spinouts (DeepTech, HealthTech, CleanTech)","United Kingdom","London","https://parkwalk.vc/","https://www.linkedin.com/company/park-walk-advisors/","","","","","PHONE NOT PUBLICLY AVAILABLE","NOT PUBLICLY AVAILABLE","NOT PUBLICLY AVAILABLE","https://parkwalk.vc/contact/","Early-stage UK university spinouts in DeepTech, HealthTech and CleanTech via EIS funds and university-branded funds (Oxford, Cambridge, Bristol, Northern Universities Venture Fund with Northern Gritstone)","Yes - HealthTech is one of three core strategy areas; digital health and life sciences in portfolio","Deep tech, AI, digital health, medtech, quantum","United Kingdom","Seed, Series A (spinouts), follow-on to growth","c.£500k-£5m (ESTIMATE)","£500m+ AUM; 200+ companies backed; UK's largest EIS growth fund manager","Albus Health (contactless home respiratory monitoring), university spinouts across digital health and life sciences","Moray Wright","Chief Executive Officer (public role per parkwalk.vc)","https://parkwalk.vc/about-us/","Contact page https://parkwalk.vc/contact/ ('Speak with our investment team'); office 3 Pancras Square, King's Cross, London N1C 4AG","Possible - via a university technology-transfer office if MaternaLink research is co-developed with a UK university","https://parkwalk.vc/contact/;https://parkwalk.vc/investment-strategy/;https://parkwalk.vc/about-us/;https://parkwalkadvisors.com/2022/07/parkwalk-have-moved-offices/;https://parkwalkadvisors.com/2025/06/northern-universities-venture-fund-launch/;https://find-and-update.company-information.service.gov.uk/company/06925696","2026-09-07","UNVERIFIED: a switchboard number (020 7759 2285) and an enquiries@ address appeared in a mixed-source search snippet alongside scraped directories; not attributable to the official site from results, so not recorded - confirm on https://parkwalk.vc/contact/ before use. Parkwalk invests almost exclusively in university spinouts, which Vytalix is not.","Parkwalk is the most active UK investor in university spinouts with HealthTech as a core pillar, so it becomes relevant if the MaternaLink AI research track is structured with a university partner.","Vytalix is not a university spinout and has no IP-protected science, which puts it outside Parkwalk's mandate regardless of the maternal-health mission.","Only approach after establishing a formal research collaboration (e.g. with a UK maternity research unit) that gives Parkwalk a spinout-style IP story around the multimodal risk-scoring programme.","13","8","10","10","8","3","3","7","0","2","1","0","1","1","1"
"IQ Capital","Venture Capital","Deep-tech seed / Series A VC (Cambridge and London)","United Kingdom","Cambridge / London","https://www.iqcapital.vc/","https://uk.linkedin.com/company/iq-capital-partners","","","","","PHONE NOT PUBLICLY AVAILABLE","NOT PUBLICLY AVAILABLE","hello@iqcapital.vc","https://www.iqcapital.vc/contact","Deep-tech B2B at Seed and Series A: AI and automation, computing and semiconductors, health and tech-bio, advanced engineering, energy, security","Partial - 'health and tech-bio' is a named sector (IP-rich, science-led companies)","AI, deep tech, tech-bio, data analytics","United Kingdom","Seed, Series A (follow-on via Growth Opportunities Fund)","c.£500k-£5m initial (ESTIMATE)","Fund IV $200m final close; c.$1bn AUM in deep tech; 100+ companies backed","Neurovalens (neurostimulation medtech), Mytos (cell-therapy manufacturing automation)","Kerry Baldwin","Co-founder and Managing Partner (public profile; femwealth article)","https://femwealth.substack.com/p/kerry-baldwins-iq-capital-launches","Email hello@iqcapital.vc (shown in search snippet for the official contact page - confirm) or contact form https://www.iqcapital.vc/contact","Possible - via Cambridge deep-tech ecosystem (Cambridge Angels, university innovation offices)","https://www.iqcapital.vc/contact;https://www.iqcapital.vc/;https://www.iqcapital.vc/news/iq-capital-raises-400m-to-invest-in-transformative-deep-tech-companies;https://uk.linkedin.com/company/iq-capital-partners;https://femwealth.substack.com/p/kerry-baldwins-iq-capital-launches","2026-09-07","Offices: 85 Regent Street, Cambridge CB2 1AW and 45 Whitfield Street, London W1T 4HD. A Cambridge phone number appeared in the search snippet in a malformed/uncertain form and could not be attributed to the official page, so it is not recorded. IQ Capital requires defensible technical IP; not a natural fit for a services-plus-platform group.","IQ Capital has a public hello@ inbox, a health and tech-bio sector and UK-only seed focus, but only the AI research strand of MaternaLink would meet its IP-rich deep-tech bar.","IQ Capital will judge a care-coordination platform and advisory business as lacking proprietary deep technology and will pass until a validated algorithm exists.","Position a future round around the multimodal Maternal Instability Score as a defensible algorithm with a data moat, supported by clinical collaborators, rather than pitching the current v1 platform.","11","10","9","10","7","3","3","7","0","2","1","1","1","1","1"
"Cambridge Innovation Capital","Venture Capital","University-affiliated deep-tech and life-sciences VC (preferred investor to University of Cambridge)","United Kingdom","Cambridge","https://www.cic.vc/","https://www.linkedin.com/company/cambridge-innovation-capital/","","","","","PHONE NOT PUBLICLY AVAILABLE","NOT PUBLICLY AVAILABLE","NOT PUBLICLY AVAILABLE","https://www.cic.vc/","Deep tech and life sciences from the Cambridge ecosystem; seed to Series B plus Opportunity Fund","Yes - life sciences, medtech and digital health (e.g. surgical robotics, genomics, clinical software)","AI, medtech, genomics, quantum, software","Cambridge / UK","Seed, Series A, Series B (Opportunity Fund for later rounds)","£1m-£10m (ESTIMATE)","£500m+ AUM (ESTIMATE; prior knowledge)","CMR Surgical (surgical robotics), Congenica (clinical genomics software), Bicycle Therapeutics, PolyAI (prior knowledge; TO VALIDATE)","Andrew Williamson","Managing Partner (prior knowledge - confirm on team page)","https://www.cic.vc/","Website contact form at https://www.cic.vc/ (prior knowledge; TO VALIDATE)","Possible - via Cambridge University Enterprise / Cambridge Angels if MaternaLink research is anchored in Cambridge","https://www.cic.vc/","Unverified (prior knowledge)","Search budget exhausted before this fund could be checked; all fields from prior knowledge and must be validated. CIC invests almost exclusively in Cambridge-ecosystem science companies.","CIC brings deep life-sciences and clinical-software credibility (Congenica, CMR) and Cambridge academic links that could anchor MaternaLink's future AI validation work.","CIC's mandate is Cambridge-ecosystem deep tech and life sciences with strong IP, so a London-based services-plus-platform group with no Cambridge affiliation falls outside scope.","Approach only if a Cambridge research collaboration (e.g. maternal-health data science) is in place, pitching the multimodal risk-scoring programme as the investable science.","14","8","8","10","8","3","2","8","0","1","1","0","1","1","0"
"Oxford Science Enterprises","Venture Capital","University-affiliated science VC (University of Oxford spinouts)","United Kingdom","Oxford","https://www.oxfordscienceenterprises.com/","https://www.linkedin.com/company/oxford-science-enterprises/","","","","","PHONE NOT PUBLICLY AVAILABLE","NOT PUBLICLY AVAILABLE","NOT PUBLICLY AVAILABLE","https://www.oxfordscienceenterprises.com/","Oxford University spinouts across life sciences, health tech, deep tech and software/AI; pre-seed to growth","Yes - life sciences and health tech are core clusters (diagnostics, AI imaging, clinical workflow)","AI, medtech, diagnostics, software","Oxford / UK","Pre-seed, Seed, Series A, growth (Oxford spinouts only)","£250k-£10m+ (ESTIMATE)","c.£850m raised since 2015 (ESTIMATE; prior knowledge)","Ultromics (AI echocardiography), Perspectum (liver imaging), Navenio (NHS workflow location AI), OrganOx, Oxford Nanopore (prior knowledge; TO VALIDATE)","Ed Bussey","Chief Executive Officer (prior knowledge - confirm on team page)","https://www.oxfordscienceenterprises.com/","Website contact form (prior knowledge; TO VALIDATE); route is via Oxford University Innovation for spinouts","Possible - only via an Oxford University research collaboration","https://www.oxfordscienceenterprises.com/","Unverified (prior knowledge)","Search budget exhausted before this fund could be checked; all fields from prior knowledge and must be validated. Invests only in University of Oxford spinouts and affiliated companies.","OSE has NHS-facing AI and workflow companies (Ultromics, Navenio) and Oxford maternal-health research (e.g. NPEU) sits nearby, so a research tie-up could make MaternaLink investable for it.","Vytalix is not an Oxford spinout, which is a hard eligibility bar irrespective of the quality of the maternal-health thesis.","Treat OSE as a partner-of-partner: secure an Oxford clinical research collaboration first, then present the MaternaLink AI track as a joint spinout-style vehicle.","15","8","9","10","9","3","2","8","0","1","1","0","1","1","0"
"Mercia Ventures (Mercia Asset Management)","Venture Capital","Regional UK VC and EIS manager (also manages British Business Bank regional funds)","United Kingdom","Henley-in-Arden / Manchester / London","https://www.mercia.co.uk/","https://www.linkedin.com/company/mercia-asset-management/","","","","","PHONE NOT PUBLICLY AVAILABLE","NOT PUBLICLY AVAILABLE","NOT PUBLICLY AVAILABLE","https://www.mercia.co.uk/","UK regional early-stage and growth investing across software, digital health, life sciences, deep tech, consumer; EIS funds, VCTs and regional funds","Yes - life sciences and digital health are named sectors","Software, AI, medtech, diagnostics","United Kingdom (strong Midlands and North focus)","Seed, Series A, growth","£100k-£10m across fund types (ESTIMATE)","c.£1.8bn AUM (ESTIMATE; prior knowledge)","Life sciences and health companies such as Locate Bio and MIP Discovery (prior knowledge; digital-health names TO VALIDATE)","Julian Viggars","Chief Investment Officer (prior knowledge - confirm on team page)","https://www.mercia.co.uk/","Website enquiry form and regional offices via https://www.mercia.co.uk/ (prior knowledge; TO VALIDATE)","Possible - via regional growth hubs and university partners in the Midlands/North","https://www.mercia.co.uk/","Unverified (prior knowledge)","Search budget exhausted before this fund could be checked; fields from prior knowledge. Mercia publishes office phone numbers on its site (TO VALIDATE and record with source URL). Regional funds can invest from c.£100k, which matches Vytalix's first round if based outside London.","Mercia writes small early-stage cheques through EIS and regional funds and names digital health as a sector, making it one of the few institutional options at Vytalix's ticket size.","Regional funds require the company to be located in the fund region and to show a UK commercial pathway, so a London-registered group with a Nigeria go-to-market may not qualify.","If Vytalix locates in the Midlands or North, pitch the UK-first care-coordination platform for a regional maternity system and use EIS eligibility to unlock a Mercia EIS cheque.","14","12","13","10","9","4","3","7","0","1","1","0","1","1","0"
"Northern Gritstone","Venture Capital","University spinout investor (Leeds, Manchester, Sheffield) with EIS fund via Parkwalk","United Kingdom","Manchester","https://www.northern-gritstone.com/","https://www.linkedin.com/company/northern-gritstone/","","","","","PHONE NOT PUBLICLY AVAILABLE","NOT PUBLICLY AVAILABLE","NOT PUBLICLY AVAILABLE","https://www.northern-gritstone.com/","Science and IP-rich spinouts and start-ups from northern universities: health tech, advanced materials, AI, energy","Yes - health tech and life sciences named among focus areas","Deep tech, AI, medtech","North of England","Seed, Series A, follow-on","£500k-£5m (ESTIMATE)","c.£312m raised (ESTIMATE; prior knowledge); Northern Universities Venture Fund EIS with Parkwalk (2025, seen in search results)","Northern university health-tech spinouts (specific names TO VALIDATE)","Duncan Johnson","Chief Executive Officer (prior knowledge - confirm on team page)","https://www.northern-gritstone.com/","Website contact form (prior knowledge; TO VALIDATE); route via university tech-transfer offices","Possible - via Leeds/Manchester/Sheffield university innovation teams","https://www.northern-gritstone.com/;https://parkwalkadvisors.com/2025/06/northern-universities-venture-fund-launch/;https://www.eu-startups.com/2025/06/northern-gritstone-and-parkwalk-team-up-for-new-eis-fund-will-it-deliver-the-uks-first-trillion-euro-startup/","Unverified (prior knowledge)","Only the Parkwalk partnership was seen in search results; other fields are prior knowledge. Mandate is university-linked science businesses in the North.","Northern Gritstone is relevant if MaternaLink's AI research is co-developed with a northern university (e.g. Manchester or Leeds maternal-health research groups), giving access to its EIS and main fund.","Vytalix has no northern-university affiliation or protectable science, which excludes it from Northern Gritstone's core mandate.","Build a research collaboration with a northern university maternity unit first, then pitch the data-science programme as a spinout-style opportunity with Vytalix as commercial partner.","12","8","10","9","7","3","2","7","0","1","1","0","1","1","0"
"Praetura Ventures","Venture Capital","Northern EIS and regional-fund VC (Manchester)","United Kingdom","Manchester","https://www.praeturaventures.com/","https://www.linkedin.com/company/praetura-ventures/","","","","","PHONE NOT PUBLICLY AVAILABLE","NOT PUBLICLY AVAILABLE","NOT PUBLICLY AVAILABLE","https://www.praeturaventures.com/","Early-stage technology businesses in the North of England via EIS funds and British Business Bank regional funds; sector-agnostic with software, healthtech and consumer","Partial - healthtech among sectors (specific portfolio names TO VALIDATE)","SaaS, AI, digital platforms","North of England","Seed, Series A","£250k-£3m (ESTIMATE)","c.£200m+ across EIS and regional mandates (ESTIMATE; prior knowledge)","Healthtech portfolio names TO VALIDATE (prior knowledge insufficient to name reliably)","David Foreman","Co-founder and Managing Director (prior knowledge - confirm on team page)","https://www.praeturaventures.com/","Website pitch form (prior knowledge; TO VALIDATE)","Possible - via Manchester tech ecosystem (e.g. Health Innovation Manchester)","https://www.praeturaventures.com/","Unverified (prior knowledge)","Search budget exhausted before this fund could be checked; all fields from prior knowledge. 'More than money' operational support model; strong preference for northern-based companies.","Praetura's EIS and regional funds write £250k-plus cheques into northern early-stage companies, which would suit a Vytalix based in Greater Manchester where Health Innovation Manchester offers NHS pilot routes.","Praetura expects northern-based teams with early revenue or product traction, so a London-based pre-formation group would be geographically and stage-wise out of scope.","Only relevant if Vytalix locates in the North; then pitch MaternaLink as a Greater Manchester maternity pilot with the advisory arm providing early revenue cover.","10","13","13","8","6","3","3","6","0","1","1","0","1","1","0"
"Par Equity","Venture Capital","Edinburgh-based VC and EIS manager with Par Investor Network (angel co-investment)","United Kingdom","Edinburgh","https://www.parequity.com/","https://www.linkedin.com/company/par-equity/","","","","","PHONE NOT PUBLICLY AVAILABLE","NOT PUBLICLY AVAILABLE","NOT PUBLICLY AVAILABLE","https://www.parequity.com/","Early-stage technology in the North of the UK (Scotland, Northern England, Northern Ireland) including healthtech, industrial tech, software","Partial - healthtech is a named sector; early backer of Current Health (remote monitoring, acquired by Best Buy) per prior knowledge","Software, medtech, AI","Scotland and North of UK","Seed, Series A","£500k-£5m (ESTIMATE)","c.£150m+ raised across funds (ESTIMATE; prior knowledge)","Current Health (remote patient monitoring; prior knowledge, TO VALIDATE), other healthtech names TO VALIDATE","Paul Munn","Managing Partner (prior knowledge - confirm on team page)","https://www.parequity.com/","Website contact form (prior knowledge; TO VALIDATE)","Possible - via Par Investor Network angels or Scottish healthtech ecosystem","https://www.parequity.com/","Unverified (prior knowledge)","Search budget exhausted before this fund could be checked; all fields from prior knowledge. Geographic mandate is the North of the UK.","Par Equity has a proven digital-health exit (Current Health) and combines fund money with an angel network, which suits a first institutional round of £500k-£1m.","Par invests in companies based in Scotland and the North, so a London-based Vytalix would need a northern base or Scottish clinical partner to qualify.","If a Scottish or northern NHS maternity partner is secured, pitch MaternaLink as a remote-monitoring-adjacent care-coordination platform in the Current Health lineage.","12","12","12","8","7","3","3","6","0","1","1","0","1","1","0"
"Maven Capital Partners","Venture Capital","UK regional VCT / EIS / British Business Bank regional fund manager","United Kingdom","Glasgow (offices across UK)","https://www.mavencp.com/","https://www.linkedin.com/company/maven-capital-partners/","","","","","PHONE NOT PUBLICLY AVAILABLE","NOT PUBLICLY AVAILABLE","NOT PUBLICLY AVAILABLE","https://www.mavencp.com/","UK SME and early-stage investing via VCTs, EIS and regional funds (NPIF, MEIF, Scottish funds); sectors include healthcare, software, technology","Partial - healthcare and healthtech among VCT sectors (specific names TO VALIDATE)","Software, healthtech, data","United Kingdom (regional offices)","Seed (regional funds), Series A, growth (VCT)","£100k-£10m depending on fund (ESTIMATE)","c.£800m+ AUM (ESTIMATE; prior knowledge)","Healthcare/healthtech VCT investments TO VALIDATE","Bill Nixon","Managing Partner (prior knowledge - confirm on team page)","https://www.mavencp.com/","Regional office contact forms via https://www.mavencp.com/ (prior knowledge; TO VALIDATE)","Possible - via regional growth hubs and British Business Bank regional fund networks","https://www.mavencp.com/","Unverified (prior knowledge)","Search budget exhausted before this fund could be checked; all fields from prior knowledge. Maven publishes office phone numbers on its website (TO VALIDATE and record with source URL).","Maven's regional funds can write £100k-£500k early-stage cheques across most UK regions and its VCTs can follow on, offering a domestic path from pre-seed to growth.","Maven's VCT and regional mandates favour revenue-generating businesses with UK customers, so a pre-revenue platform with an Africa-first sales story will struggle on eligibility.","Lead with the advisory/consulting revenue line and a UK maternity pilot pipeline, presenting MaternaLink as a UK product with export upside rather than a Nigeria-first venture.","10","10","11","9","7","3","3","6","0","1","1","0","1","1","0"
"Downing Ventures","Venture Capital","EIS / VCT venture arm of Downing LLP (healthtech, enterprise software, deep tech)","United Kingdom","London","https://www.downing.co.uk/ventures","https://www.linkedin.com/company/downing-llp/","","","","","PHONE NOT PUBLICLY AVAILABLE","NOT PUBLICLY AVAILABLE","NOT PUBLICLY AVAILABLE","https://www.downing.co.uk/ventures","Seed to Series A in healthtech, enterprise software and deep tech via EIS funds and VCTs","Yes - healthtech is a named vertical (e.g. surgical VR training, genomics; prior knowledge)","Digital health, AI, SaaS, deep tech","United Kingdom","Seed, Series A","£500k-£5m (ESTIMATE)","Downing group AUM c.£2bn; ventures allocation not stated (ESTIMATE; prior knowledge)","FundamentalVR (surgical simulation) and other healthtech companies (prior knowledge; TO VALIDATE)","NOT PUBLICLY IDENTIFIED","NOT PUBLICLY IDENTIFIED","https://www.downing.co.uk/ventures","Website pitch form on https://www.downing.co.uk/ventures (prior knowledge; TO VALIDATE)","Possible - via Downing healthtech portfolio founders","https://www.downing.co.uk/ventures","Unverified (prior knowledge)","Search budget exhausted before this fund could be checked; all fields from prior knowledge and must be validated. Downing LLP publishes a switchboard number on its site (TO VALIDATE and record with source URL).","Downing Ventures has a dedicated healthtech vertical and EIS money that can back UK seed rounds, making it a natural target once Vytalix has EIS advance assurance.","Downing will want evidence of clinical or NHS engagement and a clear software product, and will see the undocumented MaternaLink ownership as an uninvestable structure.","Present a cleaned-up cap table with MaternaLink IP assigned, an NHS-facing v1 roadmap and an EIS-qualifying £500k-£1m round with a named lead angel.","14","12","12","10","8","4","3","6","0","1","0","0","1","1","0"
"Foresight Group (Foresight Ventures)","Venture Capital","Listed alternative asset manager with VCTs and regional venture funds (incl. Foresight Williams Technology EIS)","United Kingdom","London (regional offices)","https://www.foresightgroup.eu/","https://www.linkedin.com/company/foresight-group/","","","","","PHONE NOT PUBLICLY AVAILABLE","NOT PUBLICLY AVAILABLE","NOT PUBLICLY AVAILABLE","https://www.foresightgroup.eu/","UK SME growth and venture via VCTs, regional funds and technology EIS; sectors include healthcare, software, engineering","Partial - healthcare among VCT sectors (specific names TO VALIDATE)","Software, engineering, deep tech","United Kingdom (regional)","Seed (regional/EIS), Series A, growth (VCT)","£500k-£10m (ESTIMATE)","c.£12bn group AUM incl. infrastructure (ESTIMATE; prior knowledge)","Healthcare VCT investments TO VALIDATE","NOT PUBLICLY IDENTIFIED","NOT PUBLICLY IDENTIFIED","https://www.foresightgroup.eu/","Website enquiry form via https://www.foresightgroup.eu/ (prior knowledge; TO VALIDATE)","No known route","https://www.foresightgroup.eu/","Unverified (prior knowledge)","Search budget exhausted before this fund could be checked; all fields from prior knowledge. Primarily a later-stage/VCT investor; early-stage exposure is via regional funds and the Williams Advanced Engineering EIS.","Foresight's regional funds and VCTs provide a UK follow-on path, and the group's scale lends credibility, but it is a secondary rather than lead target for a pre-seed maternal-health company.","Foresight's VCT rules and preference for established revenue mean a pre-revenue, pre-formation group is too early for most of its vehicles.","Approach at seed-plus with UK pilot revenue in hand, targeting a regional fund office rather than the London VCT team.","9","9","10","10","6","3","3","6","0","1","0","0","1","0","0"
"Calculus Capital","Venture Capital","EIS and VCT manager (healthcare, life sciences, technology)","United Kingdom","London","https://www.calculuscapital.com/","https://www.linkedin.com/company/calculus-capital/","","","","","PHONE NOT PUBLICLY AVAILABLE","NOT PUBLICLY AVAILABLE","NOT PUBLICLY AVAILABLE","https://www.calculuscapital.com/","UK growth-stage EIS and VCT investing in healthcare, life sciences, technology and creative industries","Yes - healthcare and life sciences are named sectors (e.g. biopharma Arecor; prior knowledge)","Life sciences, medtech, software","United Kingdom","Series A, growth (some seed)","£1m-£5m (ESTIMATE)","c.£150m+ raised across EIS/VCT (ESTIMATE; prior knowledge)","Arecor (biopharma, prior knowledge), other healthcare EIS investments TO VALIDATE","John Glencross","Chief Executive and Co-founder (prior knowledge - confirm on team page)","https://www.calculuscapital.com/","Website contact form (prior knowledge; TO VALIDATE)","No known route","https://www.calculuscapital.com/","Unverified (prior knowledge)","Search budget exhausted before this fund could be checked; all fields from prior knowledge and must be validated. Calculus typically invests in companies with revenue; pre-seed is rare.","Calculus is a UK EIS manager with an explicit healthcare focus, so it can join an EIS-qualifying round once MaternaLink has early pilot revenue.","Calculus prefers revenue-generating healthcare companies with clinical validation, so it will treat a pre-formation maternal-health platform as premature.","Position for the seed-plus round after UK pilot contracts, emphasising EIS eligibility and the advisory revenue base that reduces burn.","12","9","11","10","7","3","3","5","0","1","1","0","1","0","0"
"Molten Ventures","Venture Capital","LSE-listed Series A+ venture investor (digital health and wellness among sectors)","United Kingdom","London","https://www.moltenventures.com/","https://www.linkedin.com/company/molten-ventures/","","","","","PHONE NOT PUBLICLY AVAILABLE","NOT PUBLICLY AVAILABLE","NOT PUBLICLY AVAILABLE","https://www.moltenventures.com/","Series A to growth in European tech: enterprise software, consumer, hardware/deep tech, digital health and wellness","Yes - 'digital health and wellness' is a named sector (e.g. Endomag medtech; prior knowledge)","Software, AI, medtech, deep tech","UK and Europe","Series A, Series B, growth (seed only via fund-of-funds programme)","£5m-£20m+ (ESTIMATE)","c.£1bn+ portfolio value (ESTIMATE; prior knowledge; acquired Forward Partners in 2024)","Endomag (medtech), digital-health names TO VALIDATE","Ben Wilkinson","Chief Executive Officer (prior knowledge - confirm on team page)","https://www.moltenventures.com/","Website contact form (prior knowledge; TO VALIDATE)","Possible - via seed funds in Molten's fund-of-funds programme (e.g. Seedcamp)","https://www.moltenventures.com/","Unverified (prior knowledge)","Search budget exhausted before this fund could be checked; all fields from prior knowledge. Growth-stage investor - included for completeness with honest low stage/ticket scores. Forward Partners (a seed fund) was absorbed by Molten in 2024, so it is not listed separately.","Molten is a long-term Series A-plus partner with a digital-health sector and exposure to UK seed funds, useful as a future follow-on investor rather than a first cheque.","Molten's minimum cheque and Series A-plus stage are far beyond a pre-seed group, so it will simply be too early.","Track for Series A only; build relationships via a Molten-backed seed fund and report progress on MaternaLink pilots over time.","12","4","3","10","7","3","2","7","0","1","1","0","1","1","0"
"Hambro Perks","Venture Capital","Early-stage VC with EIS/VCT vehicles and venture-building heritage","United Kingdom","London","https://www.hambroperks.com/","https://www.linkedin.com/company/hambro-perks/","","","","","PHONE NOT PUBLICLY AVAILABLE","NOT PUBLICLY AVAILABLE","NOT PUBLICLY AVAILABLE","https://www.hambroperks.com/","Seed and Series A in UK technology: fintech, healthtech, enterprise software, consumer","Partial - healthtech among sectors (specific names TO VALIDATE)","Software, AI, digital platforms","United Kingdom","Seed, Series A","£500k-£5m (ESTIMATE)","Not stated (prior knowledge insufficient)","Healthtech names TO VALIDATE","Dominic Perks","Co-founder and Chief Executive (prior knowledge - confirm on team page)","https://www.hambroperks.com/","Website contact form (prior knowledge; TO VALIDATE)","No known route","https://www.hambroperks.com/","Unverified (prior knowledge)","Search budget exhausted before this fund could be checked; all fields from prior knowledge and must be validated.","Hambro Perks backs UK seed-stage companies across healthtech with EIS-qualifying vehicles, making it a candidate co-investor in a first institutional round.","Without a defined product and a clear owner of the MaternaLink IP, Hambro Perks will see structural risk before it evaluates the market.","Pitch after incorporation with a lead angel committed, presenting the UK care-coordination product and services cash flow as a capital-efficient path to seed metrics.","10","12","12","10","6","3","3","6","0","1","1","0","1","0","0"
"Crista Galli Ventures","Venture Capital","Healthtech-only early-stage VC (family-office backed)","United Kingdom","London","https://www.cristagalliventures.com/","https://www.linkedin.com/company/crista-galli-ventures/","","","","","PHONE NOT PUBLICLY AVAILABLE","NOT PUBLICLY AVAILABLE","NOT PUBLICLY AVAILABLE","https://www.cristagalliventures.com/","Seed and Series A healthtech across UK, Europe and Denmark: digital health, AI diagnostics, medtech","Yes - healthcare-only mandate","Digital health, AI, medtech","UK, Europe, Denmark","Seed, Series A","£250k-£3m (ESTIMATE)","Evergreen family-office capital (ESTIMATE; prior knowledge)","Healthtech portfolio TO VALIDATE (prior knowledge insufficient to name reliably)","NOT PUBLICLY IDENTIFIED","NOT PUBLICLY IDENTIFIED","https://www.cristagalliventures.com/","Website contact form (prior knowledge; TO VALIDATE)","No known route","https://www.cristagalliventures.com/","Unverified (prior knowledge)","Search budget exhausted before this fund could be checked; all fields from prior knowledge and must be validated. Healthcare-only mandate with clinical expertise in-house.","Crista Galli invests only in healthtech at seed, with patient, evergreen capital and clinical understanding that could tolerate MaternaLink's longer validation path.","A clinically literate investor will immediately probe the absence of clinical partners, ethics approvals and a regulatory strategy behind the 2025 AI claims.","Lead with the re-based non-diagnostic v1, an explicit UK MDR/SaMD roadmap for the AI track and a named clinical advisor, showing regulatory maturity rather than hype.","19","13","13","9","10","5","2","6","0","1","0","0","1","0","0"
"Bethnal Green Ventures","Venture Capital","Accelerator fund (tech-for-good pre-seed programme investing cash for equity)","United Kingdom","London","https://bethnalgreenventures.com/","https://www.linkedin.com/company/bethnal-green-ventures/","","","","","PHONE NOT PUBLICLY AVAILABLE","NOT PUBLICLY AVAILABLE","NOT PUBLICLY AVAILABLE","https://bethnalgreenventures.com/","Pre-seed tech-for-good ventures in health and wellbeing, sustainable planet, better society; programme plus follow-on fund","Yes - health and wellbeing is a core theme (e.g. DrDoctor, Peppy alumni; prior knowledge)","Digital platforms, SaaS, AI for good","United Kingdom","Pre-seed (programme), seed follow-on","c.£30k-£60k for equity at programme entry, follow-ons up to a few hundred thousand (ESTIMATE)","Small impact funds backed by Better Society Capital and Nesta (prior knowledge; TO VALIDATE)","DrDoctor (NHS patient engagement), Peppy (menopause/fertility/parenthood support) - prior knowledge, TO VALIDATE","Paul Miller","Co-founder and Managing Partner (prior knowledge - confirm on team page)","https://bethnalgreenventures.com/","Programme application form on https://bethnalgreenventures.com/ (cohort intakes; prior knowledge; TO VALIDATE)","Possible - via BGV alumni founders in maternal/parental health (Peppy)","https://bethnalgreenventures.com/","Unverified (prior knowledge)","Search budget exhausted before this fund could be checked; fields from prior knowledge. Cheque is small but it is one of the most accessible institutional first cheques for a mission-led health founder.","BGV is an accessible tech-for-good first investor whose health theme and Peppy/DrDoctor alumni map directly onto a maternal-health care-coordination platform.","BGV invests in dedicated founding teams inside a cohort programme, and will question whether a founder also running a property venture can commit full-time.","Apply with a full-time MaternaLink team commitment and a UK Black maternal-health equity framing, using the programme to secure an NHS pilot conversation.","14","15","9","10","9","7","4","6","0","2","1","0","1","1","0"
"Impact X Capital Partners","Venture Capital","VC backing under-represented founders across Europe (health, digital, media)","United Kingdom","London","https://www.impactxcapital.com/","https://www.linkedin.com/company/impact-x-capital/","","","","","PHONE NOT PUBLICLY AVAILABLE","NOT PUBLICLY AVAILABLE","NOT PUBLICLY AVAILABLE","https://www.impactxcapital.com/","Seed and Series A investments in under-represented (especially Black and female) founders in the UK and Europe; sectors include health, digital and media","Yes - health is a named sector (e.g. Peanut, a motherhood/women's community app; prior knowledge)","Digital platforms, consumer apps, SaaS","UK and Europe","Seed, Series A","£250k-£2m (ESTIMATE)","c.£100m target Fund I (ESTIMATE; prior knowledge)","Peanut (women's/motherhood community platform; prior knowledge, TO VALIDATE)","Eric Collins","Co-founder and Chief Executive Officer (prior knowledge - confirm on team page)","https://www.impactxcapital.com/","Website contact/pitch form (prior knowledge; TO VALIDATE)","Possible - via Black founder networks (e.g. 10x10, Black Founders Hub) connected to Impact X","https://www.impactxcapital.com/","Unverified (prior knowledge)","Search budget exhausted before this fund could be checked; all fields from prior knowledge and must be validated. Explicit mandate for Black and under-represented founders makes this a priority target.","Impact X exists to fund under-represented founders and has backed a motherhood platform, so a Black founder tackling Black maternal-health disparities is squarely on thesis.","Impact X will still require venture-scale economics and will challenge the £300-per-woman Nigeria pricing and the missing UK clinical partner.","Frame Vytalix as a UK-first maternal-equity company with government-market optionality in Africa, backed by a costed pilot and an IP-clean structure.","12","12","13","10","10","8","3","7","0","1","1","0","1","1","0"
"Cornerstone VC","Venture Capital","Pre-seed / seed VC backing diverse founding teams in the UK","United Kingdom","London","https://www.cornerstonevc.co.uk/","https://www.linkedin.com/company/cornerstone-vc/","","","","","PHONE NOT PUBLICLY AVAILABLE","NOT PUBLICLY AVAILABLE","NOT PUBLICLY AVAILABLE","https://www.cornerstonevc.co.uk/","Pre-seed and seed technology companies with diverse founding teams; sector-agnostic including health, fintech, SaaS","Partial - health among sectors (specific names TO VALIDATE)","Software, digital platforms, AI","United Kingdom","Pre-seed, Seed","£250k-£1m (ESTIMATE)","c.£20m Fund I (ESTIMATE; prior knowledge)","Health names TO VALIDATE","Rodney Appiah","Co-founder and Managing Partner (prior knowledge - confirm on team page)","https://www.cornerstonevc.co.uk/","Website pitch form (prior knowledge; TO VALIDATE)","Possible - via Black and diverse founder networks in London","https://www.cornerstonevc.co.uk/","Unverified (prior knowledge)","Search budget exhausted before this fund could be checked; all fields from prior knowledge and must be validated.","Cornerstone writes true pre-seed cheques into diverse UK founding teams, matching both Vytalix's stage and the founder's profile.","Cornerstone will look for a full-time, complementary founding team with technical ownership, which the current founder-plus-external-'Maternal Link CEO' arrangement does not evidence.","Formalise the team (technical co-founder, clinical advisor, IP assignment) and pitch a £500k pre-seed to reach a UK maternity pilot and SEIS/EIS-qualifying milestones.","11","15","14","10","8","6","3","6","0","1","1","0","1","1","0"
"Fuel Ventures","Venture Capital","SEIS/EIS pre-seed and seed fund (marketplaces, platforms, SaaS)","United Kingdom","London","https://fuel.ventures/","https://www.linkedin.com/company/fuel-ventures/","","","","","PHONE NOT PUBLICLY AVAILABLE","NOT PUBLICLY AVAILABLE","NOT PUBLICLY AVAILABLE","https://fuel.ventures/","Pre-seed to Series A in UK marketplaces, platforms and software via SEIS/EIS and scale-up funds","Low - sector-agnostic software; limited health exposure","SaaS, marketplaces, digital platforms","United Kingdom","Pre-seed, Seed, Series A","£150k-£1m initial (ESTIMATE)","c.£150m+ across funds (ESTIMATE; prior knowledge)","Mostly non-health software (e.g. Paddle, Moteefe - prior knowledge); health names TO VALIDATE","Mark Pearson","Founder and Managing Partner (prior knowledge - confirm on team page)","https://fuel.ventures/","Online pitch application on https://fuel.ventures/ (prior knowledge; TO VALIDATE)","No known route","https://fuel.ventures/","Unverified (prior knowledge)","Search budget exhausted before this fund could be checked; all fields from prior knowledge. High-volume SEIS/EIS investor with open applications.","Fuel's open-application SEIS/EIS model writes £150k-plus first cheques into UK platforms, which fits Vytalix's ticket even if health is not its speciality.","Fuel prefers marketplace and SaaS models with fast commercial traction, and will find a maternal-health platform's NHS and government sales cycles too slow.","Pitch the SaaS mechanics - per-trust subscription, care-coordination workflow, quick pilot conversion - and the SEIS/EIS tax position, keeping clinical AI claims out of the deck.","7","15","15","10","4","2","4","5","0","2","1","0","1","0","0"
"SFC Capital","Venture Capital","SEIS/EIS seed fund and angel syndicate (UK's most active seed investor)","United Kingdom","London","https://sfccapital.com/","https://www.linkedin.com/company/sfc-capital/","","","","","PHONE NOT PUBLICLY AVAILABLE","NOT PUBLICLY AVAILABLE","NOT PUBLICLY AVAILABLE","https://sfccapital.com/","Sector-agnostic SEIS/EIS seed investing in UK start-ups, hundreds of companies backed; includes healthtech","Partial - healthtech among a large sector-agnostic portfolio (names TO VALIDATE)","Software, AI, consumer, deep tech","United Kingdom","Pre-seed, Seed","£100k-£300k initial via SEIS/EIS funds and angel syndicate (ESTIMATE)","400+ portfolio companies; fund sizes not stated (ESTIMATE; prior knowledge)","Healthtech names TO VALIDATE","Stephen Page","Founder and Chief Executive (prior knowledge - confirm on team page)","https://sfccapital.com/","Online application form on https://sfccapital.com/ (open to all UK SEIS-eligible start-ups; prior knowledge; TO VALIDATE)","Possible - via SFC angel syndicate members","https://sfccapital.com/","Unverified (prior knowledge)","Search budget exhausted before this fund could be checked; fields from prior knowledge. Requires SEIS/EIS advance assurance and UK incorporation - both priority actions in FACTS_BASE.","SFC is the highest-volume SEIS investor in the UK with an open application route, so it is the most accessible institutional first cheque once Vytalix has SEIS advance assurance.","SFC will require a UK-incorporated, SEIS-eligible company with a full-time team, and may find the Nigeria government-sales model at odds with SEIS trading-activity rules.","Incorporate, secure SEIS advance assurance and apply with a UK-centred plan (advisory revenue plus MaternaLink UK pilot), requesting £150k-£250k as part of a wider angel round.","9","15","15","10","5","3","5","5","0","2","1","0","1","1","0"
"Haatch","Venture Capital","SEIS/EIS pre-seed fund (B2B SaaS)","United Kingdom","Stamford / London","https://www.haatch.com/","https://www.linkedin.com/company/haatch/","","","","","PHONE NOT PUBLICLY AVAILABLE","NOT PUBLICLY AVAILABLE","NOT PUBLICLY AVAILABLE","https://www.haatch.com/","Pre-seed and seed SEIS/EIS investing in UK B2B software and digital transformation","Low - sector-agnostic B2B SaaS; occasional healthtech","B2B SaaS, AI, automation","United Kingdom","Pre-seed, Seed","£150k-£750k (ESTIMATE)","Not stated (prior knowledge insufficient)","Health names TO VALIDATE","Fred Soneya","Co-founder and Partner (prior knowledge - confirm on team page)","https://www.haatch.com/","Online pitch form on https://www.haatch.com/ (prior knowledge; TO VALIDATE)","No known route","https://www.haatch.com/","Unverified (prior knowledge)","Search budget exhausted before this fund could be checked; all fields from prior knowledge and must be validated.","Haatch's SEIS/EIS pre-seed cheques and B2B SaaS lens suit MaternaLink if it is sold as workflow software to NHS trusts and integrated care boards.","Haatch will see long public-sector sales cycles and clinical-safety obligations as incompatible with the fast B2B SaaS traction it expects at pre-seed.","Pitch the care-coordination SaaS with a paid pilot letter of intent and the advisory arm as a customer-discovery engine, avoiding clinical-AI claims.","7","15","15","10","4","2","4","4","0","2","1","0","1","0","0"
"Jenson Funding Partners","Venture Capital","SEIS/EIS seed fund manager (sector-agnostic)","United Kingdom","London","https://www.jensonfundingpartners.com/","https://www.linkedin.com/company/jenson-funding-partners/","","","","","PHONE NOT PUBLICLY AVAILABLE","NOT PUBLICLY AVAILABLE","NOT PUBLICLY AVAILABLE","https://www.jensonfundingpartners.com/","SEIS and EIS seed investing in UK early-stage companies across sectors including healthtech, software, consumer","Partial - healthtech among sectors (names TO VALIDATE)","Software, digital platforms","United Kingdom","Pre-seed, Seed","£150k-£1m (ESTIMATE)","Not stated (prior knowledge insufficient)","Healthtech names TO VALIDATE","Jeffrey Faustin","Chief Investment Officer (prior knowledge - confirm on team page)","https://www.jensonfundingpartners.com/","Online application form (prior knowledge; TO VALIDATE)","No known route","https://www.jensonfundingpartners.com/","Unverified (prior knowledge)","Search budget exhausted before this fund could be checked; all fields from prior knowledge and must be validated.","Jenson is a long-running SEIS/EIS manager that funds UK pre-seed companies across sectors, offering another accessible tax-efficient first cheque.","Jenson will need SEIS eligibility, a UK-focused trade and a committed team, and will question a part-time founder with an undocumented product partner.","Approach alongside SFC and other SEIS funds with a consolidated £300k-£500k SEIS/EIS round anchored on UK pilot milestones.","8","15","15","10","4","2","4","4","0","2","1","0","1","0","0"
"Deepbridge Capital","Venture Capital","EIS/SEIS manager with dedicated Life Sciences fund (medtech, digital health)","United Kingdom","Chester","https://www.deepbridgecapital.com/","https://www.linkedin.com/company/deepbridge-capital/","","","","","PHONE NOT PUBLICLY AVAILABLE","NOT PUBLICLY AVAILABLE","NOT PUBLICLY AVAILABLE","https://www.deepbridgecapital.com/","EIS Technology Growth and Life Sciences SEIS/EIS funds: medtech, digital health, diagnostics, software","Yes - dedicated Life Sciences fund covering medtech and digital health","Medtech, digital health, software","United Kingdom","Seed, Series A (EIS)","£250k-£3m (ESTIMATE)","Not stated (prior knowledge insufficient)","Life-sciences and digital-health EIS investments TO VALIDATE","Ian Warwick","Managing Partner (prior knowledge - confirm on team page)","https://www.deepbridgecapital.com/","Website enquiry form (prior knowledge; TO VALIDATE)","No known route","https://www.deepbridgecapital.com/","Unverified (prior knowledge)","Search budget exhausted before this fund could be checked; all fields from prior knowledge and must be validated.","Deepbridge runs a dedicated Life Sciences EIS fund that backs early UK medtech and digital-health companies, aligning with an EIS-qualifying MaternaLink round.","Deepbridge's life-sciences team will expect a regulatory classification and clinical evidence plan, which the current prototype does not have.","Present the v1 non-medical-device positioning with a documented MHRA classification rationale and a staged SaMD pathway for the later AI track.","14","13","13","9","6","4","3","5","0","1","1","0","1","0","0"
"Symvan Capital","Venture Capital","SEIS/EIS technology seed fund","United Kingdom","London","https://www.symvancapital.com/","https://www.linkedin.com/company/symvan-capital/","","","","","PHONE NOT PUBLICLY AVAILABLE","NOT PUBLICLY AVAILABLE","NOT PUBLICLY AVAILABLE","https://www.symvancapital.com/","SEIS/EIS seed investing in UK technology including healthtech, SaaS, AI","Partial - healthtech among sectors (names TO VALIDATE)","Software, AI, digital platforms","United Kingdom","Pre-seed, Seed","£150k-£1m (ESTIMATE)","Not stated (prior knowledge insufficient)","Healthtech names TO VALIDATE","Kealan Doyle","Co-founder and Chief Executive (prior knowledge - confirm on team page)","https://www.symvancapital.com/","Website application form (prior knowledge; TO VALIDATE)","No known route","https://www.symvancapital.com/","Unverified (prior knowledge)","Search budget exhausted before this fund could be checked; all fields from prior knowledge and must be validated.","Symvan is another SEIS/EIS technology fund that can write a £150k-plus first cheque into a UK healthtech company with tax relief attached.","Symvan will look for a scalable tech product and team, and will find a services-led group with an early prototype under-developed for its portfolio.","Bundle with other SEIS funds in a single round and lead with product demo, pilot letter of intent and SEIS advance assurance.","9","15","15","10","4","2","3","4","0","1","1","0","1","0","0"
"UK Innovation & Science Seed Fund (UKI2S) / Future Planet Capital","Venture Capital","Public-backed science seed fund managed by Future Planet Capital","United Kingdom","London","https://ukinnovationscienceseedfund.co.uk/","https://www.linkedin.com/company/future-planet-capital/","","","","","PHONE NOT PUBLICLY AVAILABLE","NOT PUBLICLY AVAILABLE","NOT PUBLICLY AVAILABLE","https://ukinnovationscienceseedfund.co.uk/","Seed investment in science-based companies emerging from the UK public research base (UKRI institutes, Harwell, Rothamsted, health research organisations); life sciences, health, clean tech, AI","Yes - health and life sciences are core areas","Deep science, AI, medtech, diagnostics","United Kingdom","Pre-seed, Seed","£100k-£1m (ESTIMATE)","Backed by UKRI/BEIS/DSIT; Future Planet Capital group AUM c.£400m (ESTIMATE; prior knowledge)","Public-research-base health spinouts TO VALIDATE","Douglas Hansen-Luke","Executive Chairman, Future Planet Capital (prior knowledge - confirm on team page)","https://www.futureplanetcapital.com/","Website enquiry form (prior knowledge; TO VALIDATE); eligibility usually requires a link to a UK public research organisation","Possible - via a partnership with an NIHR-funded unit or UKRI institute","https://ukinnovationscienceseedfund.co.uk/;https://www.futureplanetcapital.com/","Unverified (prior knowledge)","Search budget exhausted before this fund could be checked; all fields from prior knowledge and must be validated. Also relevant to the government/innovation fund category - cross-check for duplication.","UKI2S writes early science-seed cheques into companies tied to the UK public research base, which MaternaLink's AI track could access through an NIHR or university research partnership.","Without a formal link to a UK public research organisation, Vytalix does not meet UKI2S's eligibility criteria regardless of mission.","Secure a research partnership (e.g. NIHR maternity research unit) and pitch the maternal risk-scoring science as a co-developed public-research-base spinout.","12","12","13","10","8","4","3","6","0","1","1","0","1","1","0"
"Sussex Place Ventures","Venture Capital","Seed VC linked to London Business School community","United Kingdom","London","https://www.spventures.com/","https://www.linkedin.com/company/sussex-place-ventures/","","","","","PHONE NOT PUBLICLY AVAILABLE","NOT PUBLICLY AVAILABLE","NOT PUBLICLY AVAILABLE","https://www.spventures.com/","Seed and early-stage technology investments, often with London Business School alumni founders; sector-agnostic","Low - occasional health investments (names TO VALIDATE)","Software, digital platforms","United Kingdom","Seed","£250k-£1m (ESTIMATE)","Not stated (prior knowledge insufficient)","TO VALIDATE","NOT PUBLICLY IDENTIFIED","NOT PUBLICLY IDENTIFIED","https://www.spventures.com/","Website contact form (prior knowledge; TO VALIDATE)","Possible - via London Business School alumni network","https://www.spventures.com/","Unverified (prior knowledge)","Search budget exhausted before this fund could be checked; all fields from prior knowledge and must be validated; current activity level TO VALIDATE.","Sussex Place Ventures writes small seed cheques into UK founders and its LBS link could bring commercial and governance support to a founder-led group.","With little health specialism, it will defer to a health lead investor and will not lead a pre-seed round in maternal health.","Approach as a follow-on co-investor once a health-focused lead is secured, emphasising governance and commercial rigour.","8","14","14","10","5","2","2","5","0","1","0","0","1","1","0"
"Episode 1 Ventures","Venture Capital","Seed-stage B2B software VC (open to cold pitches)","United Kingdom","London","https://episode1.com/","https://www.linkedin.com/company/episode-1-ventures/","","","","","PHONE NOT PUBLICLY AVAILABLE","NOT PUBLICLY AVAILABLE","NOT PUBLICLY AVAILABLE","https://episode1.com/","Seed investments in UK B2B software companies (SaaS, AI, marketplaces)","Low - occasional healthtech software (names TO VALIDATE)","B2B SaaS, AI","United Kingdom","Seed","£500k-£2m (ESTIMATE)","Fund III c.£100m (ESTIMATE; prior knowledge)","Healthtech names TO VALIDATE","Paul McNabb","Managing Partner (prior knowledge - confirm on team page)","https://episode1.com/","Website pitch form (accepts cold pitches; prior knowledge; TO VALIDATE)","No known route","https://episode1.com/","Unverified (prior knowledge)","Search budget exhausted before this fund could be checked; all fields from prior knowledge and must be validated.","Episode 1 leads UK seed rounds in B2B software and publicly accepts cold pitches, so a software-framed MaternaLink could get a fair hearing without a warm intro.","Episode 1 will want evidence of B2B pull (paying NHS or provider customers) and a technical founding team, neither of which exists yet.","Pitch after a paid UK pilot with MaternaLink positioned as B2B workflow software for maternity services, quantifying time saved per midwife and per obstetric team.","8","14","13","10","5","2","3","6","0","2","1","0","1","0","0"
"Concentric","Venture Capital","Seed / Series A VC (London and Copenhagen)","United Kingdom","London","https://www.concentric.vc/","https://www.linkedin.com/company/concentric-vc/","","","","","PHONE NOT PUBLICLY AVAILABLE","NOT PUBLICLY AVAILABLE","NOT PUBLICLY AVAILABLE","https://www.concentric.vc/","Seed and Series A technology investments across Europe; sectors include health, fintech, SaaS, consumer","Partial - health among sectors (names TO VALIDATE)","Software, AI, digital platforms","UK and Northern Europe","Seed, Series A","£500k-£3m (ESTIMATE)","Not stated (prior knowledge insufficient)","Health names TO VALIDATE","Kjartan Rist","Founding Partner (prior knowledge - confirm on team page)","https://www.concentric.vc/","Website contact form (prior knowledge; TO VALIDATE)","No known route","https://www.concentric.vc/","Unverified (prior knowledge)","Search budget exhausted before this fund could be checked; all fields from prior knowledge and must be validated.","Concentric backs UK and Nordic seed companies including health, and could co-invest in a seed round led by a health specialist.","Concentric will question market size for a UK maternity-workflow product and the execution risk of a simultaneous Nigeria government strategy.","Present a focused UK wedge with clear ICB procurement economics and treat Africa as a later, partner-led expansion.","9","13","12","9","5","3","3","6","0","1","1","0","1","0","0"
"Passion Capital","Venture Capital","Pre-seed / seed VC (London)","United Kingdom","London","https://www.passioncapital.com/","https://www.linkedin.com/company/passion-capital/","","","","","PHONE NOT PUBLICLY AVAILABLE","NOT PUBLICLY AVAILABLE","NOT PUBLICLY AVAILABLE","https://www.passioncapital.com/","Pre-seed and seed technology investments in the UK and Europe; fintech, consumer, SaaS, some health","Low to partial - occasional health investments (names TO VALIDATE)","Software, fintech, consumer apps","UK and Europe","Pre-seed, Seed","£200k-£1m (ESTIMATE)","Fund III c.£45m (ESTIMATE; prior knowledge)","Health names TO VALIDATE; best known for Monzo, GoCardless (prior knowledge)","Eileen Burbidge","Partner (prior knowledge - confirm on team page)","https://www.passioncapital.com/","Website contact form (prior knowledge; TO VALIDATE)","No known route","https://www.passioncapital.com/","Unverified (prior knowledge)","Search budget exhausted before this fund could be checked; all fields from prior knowledge and must be validated.","Passion Capital writes early pre-seed cheques into UK founders and its partners are influential in London tech, which could open doors beyond the cheque.","Passion's track record is fintech and consumer software, so it will likely defer on a clinical-adjacent maternal-health platform it cannot diligence.","Position as a consumer-grade product for mothers plus a B2B channel, and seek Passion only as a co-investor alongside a health-specialist lead.","7","15","14","10","5","2","3","7","0","1","1","0","1","0","0"
"Connect Ventures","Venture Capital","Seed VC for product-led companies","United Kingdom","London","https://www.connectventures.co/","https://www.linkedin.com/company/connect-ventures/","","","","","PHONE NOT PUBLICLY AVAILABLE","NOT PUBLICLY AVAILABLE","NOT PUBLICLY AVAILABLE","https://www.connectventures.co/","Seed investments in product-led software companies across Europe","Low - occasional health/wellbeing apps (names TO VALIDATE)","Product-led SaaS, consumer software","UK and Europe","Seed","£500k-£2m (ESTIMATE)","Not stated (prior knowledge insufficient)","Health names TO VALIDATE","Sitar Teli","Managing Partner (prior knowledge - confirm on team page)","https://www.connectventures.co/","Website contact form (prior knowledge; TO VALIDATE)","No known route","https://www.connectventures.co/","Unverified (prior knowledge)","Search budget exhausted before this fund could be checked; all fields from prior knowledge and must be validated.","Connect Ventures backs product-led seed companies, and a mother-facing MaternaLink app with strong engagement could fit its product-craft thesis.","Connect will see NHS procurement and government sales as the opposite of product-led growth and will question distribution.","Show mother-facing engagement data from a pilot (retention, weekly use) and a bottom-up adoption path through midwives before B2B contracts.","7","14","13","10","4","2","3","6","0","1","1","0","1","0","0"
"Playfair Capital","Venture Capital","Pre-seed VC (sector-agnostic; runs Female Founder Office Hours)","United Kingdom","London","https://playfair.vc/","https://www.linkedin.com/company/playfair-capital/","","","","","PHONE NOT PUBLICLY AVAILABLE","NOT PUBLICLY AVAILABLE","NOT PUBLICLY AVAILABLE","https://playfair.vc/","Pre-seed investments in UK and European technology companies; sector-agnostic including healthtech, AI, SaaS","Partial - healthtech among sectors (names TO VALIDATE)","Software, AI, digital platforms","UK and Europe","Pre-seed, Seed","£300k-£1m (ESTIMATE)","Fund III c.£70m (ESTIMATE; prior knowledge)","Healthtech names TO VALIDATE","Chris Smith","Managing Partner (prior knowledge - confirm on team page)","https://playfair.vc/","Online pitch form on https://playfair.vc/ (explicitly welcomes cold pitches; prior knowledge; TO VALIDATE)","Possible - via Playfair office-hours programmes","https://playfair.vc/","Unverified (prior knowledge)","Search budget exhausted before this fund could be checked; all fields from prior knowledge and must be validated. Known for transparent, cold-pitch-friendly process.","Playfair writes genuine pre-seed cheques, welcomes cold pitches and runs inclusion-focused office hours, making it one of the most accessible institutional pre-seed options for Vytalix.","Playfair will want a full-time founding team with technical capability and evidence of customer discovery, not a concept deck and a third-party prototype.","Apply with a crisp pre-seed plan: team, MaternaLink IP assigned, 20 customer-discovery interviews with midwives/ICBs, and a 12-month path to a paid pilot.","8","15","15","10","5","2","4","6","0","2","1","0","1","1","0"
"7percent Ventures","Venture Capital","Pre-seed / seed 'moonshot' VC","United Kingdom","London","https://7pc.vc/","https://www.linkedin.com/company/7percent-ventures/","","","","","PHONE NOT PUBLICLY AVAILABLE","NOT PUBLICLY AVAILABLE","NOT PUBLICLY AVAILABLE","https://7pc.vc/","Pre-seed and seed investments in ambitious UK/European technology founders; deep tech, AI, some health","Low - occasional health investments (names TO VALIDATE)","Deep tech, AI, software","UK and Europe","Pre-seed, Seed","£100k-£500k (ESTIMATE)","Not stated (prior knowledge insufficient)","Health names TO VALIDATE","Andrew J. Scott","Founding Partner (prior knowledge - confirm on team page)","https://7pc.vc/","Website pitch form (prior knowledge; TO VALIDATE)","No known route","https://7pc.vc/","Unverified (prior knowledge)","Search budget exhausted before this fund could be checked; all fields from prior knowledge and must be validated.","7percent backs very early, ambitious founders with small cheques, so the long-term vision of multimodal maternal risk prediction may appeal even at concept stage.","7percent seeks technically defensible moonshots and may view a care-coordination platform as incremental and the AI ambition as unproven.","Lead with the long-term vision (predictive maternal safety) while showing a disciplined, regulatory-aware path from v1 coordination to v3 AI.","7","15","15","10","4","2","3","5","0","1","1","0","1","0","0"
"Firstminute Capital","Venture Capital","Seed VC backed by founder LPs (London)","United Kingdom","London","https://www.firstminute.capital/","https://www.linkedin.com/company/firstminute-capital/","","","","","PHONE NOT PUBLICLY AVAILABLE","NOT PUBLICLY AVAILABLE","NOT PUBLICLY AVAILABLE","https://www.firstminute.capital/","Seed investments across Europe and the US in software, AI, deep tech, some health","Low to partial - occasional healthtech (names TO VALIDATE)","Software, AI, deep tech","UK, Europe, US","Seed (some pre-seed)","$1m-$3m (ESTIMATE)","Fund II c.$111m (ESTIMATE; prior knowledge)","Health names TO VALIDATE","Brent Hoberman","Co-founder and Executive Chairman (prior knowledge - confirm on team page)","https://www.firstminute.capital/","Website contact form (prior knowledge; TO VALIDATE)","Possible - via Founders Forum / Founders Factory network","https://www.firstminute.capital/","Unverified (prior knowledge)","Search budget exhausted before this fund could be checked; all fields from prior knowledge and must be validated.","Firstminute's founder-LP base offers unusually strong network value for a first-time founder, even though its typical cheque is above Vytalix's first round.","Firstminute's $1m-plus seed cheques and preference for globally scalable software make a pre-formation maternal-health group too early and too niche.","Target for a later seed round, using Founders Forum-style introductions and a demonstrated UK pilot to justify a $1m-plus cheque.","8","13","10","9","6","2","2","8","0","1","1","0","1","1","0"
"Entrepreneur First","Venture Capital","Accelerator fund (talent investor: pre-team, pre-idea programme investing cash for equity)","United Kingdom","London","https://www.joinef.com/","https://www.linkedin.com/company/entrepreneur-first/","","","","","PHONE NOT PUBLICLY AVAILABLE","NOT PUBLICLY AVAILABLE","NOT PUBLICLY AVAILABLE","https://www.joinef.com/","Invests in individuals before they have a team or company; cohort programme in London and other hubs with pre-seed investment on company formation; strong deep tech and AI bias","Partial - healthtech and bio companies emerge from cohorts (names TO VALIDATE)","AI, deep tech, software","UK (London), plus Paris, Bangalore, New York, San Francisco","Pre-seed (programme)","c.£250k pre-seed on formation for c.8-10% equity (ESTIMATE; prior knowledge)","Not stated (prior knowledge insufficient)","Health names TO VALIDATE","Alice Bentinck","Co-founder and Chief Executive Officer (prior knowledge - confirm on team page)","https://www.joinef.com/","Programme application on https://www.joinef.com/ (individual applicants; prior knowledge; TO VALIDATE)","Possible - via EF alumni founders","https://www.joinef.com/","Unverified (prior knowledge)","Search budget exhausted before this fund could be checked; all fields from prior knowledge and must be validated. EF invests in individuals to form new companies, so it is a poor fit for an existing group with an existing product.","EF could help the founder find a technical co-founder and provides a pre-seed cheque on formation, which addresses Vytalix's team gap directly.","EF's model requires joining a cohort as an individual and building a new company from scratch, incompatible with keeping Vytalix's existing structure and MaternaLink arrangement.","Only consider if the founder is willing to re-found MaternaLink inside EF with a technical co-founder; otherwise use EF alumni as a talent pool.","8","15","12","9","6","2","4","7","0","2","1","0","1","1","0"
"Hoxton Ventures","Venture Capital","Seed VC with healthcare and AI focus (early backer of Babylon Health)","United Kingdom","London","https://www.hoxtonventures.com/","https://www.linkedin.com/company/hoxton-ventures/","","","","","PHONE NOT PUBLICLY AVAILABLE","NOT PUBLICLY AVAILABLE","NOT PUBLICLY AVAILABLE","https://www.hoxtonventures.com/","Seed investments in European start-ups targeting large US/global markets; healthcare, AI, software","Yes - healthcare is a stated focus (Babylon Health, Peptone, Raremark; prior knowledge)","AI, digital health, software","UK and Europe (US market ambition)","Seed, Series A","$500k-$3m (ESTIMATE)","Fund III c.$215m (ESTIMATE; prior knowledge)","Babylon Health (digital primary care), Peptone, Raremark (prior knowledge; TO VALIDATE)","Hussein Kanji","Partner (prior knowledge - confirm on team page)","https://www.hoxtonventures.com/","Website contact (prior knowledge; TO VALIDATE); warm intro strongly preferred","Possible - via Hoxton healthcare portfolio founders","https://www.hoxtonventures.com/","Unverified (prior knowledge)","Search budget exhausted before this fund could be checked; all fields from prior knowledge and must be validated.","Hoxton is one of the few UK seed funds with a genuine healthcare thesis and global ambition, and has backed digital care delivery from seed.","Hoxton looks for founders who can dominate a large global category, and will see UK maternity services plus Nigerian state contracts as fragmented, slow markets.","Frame maternal care coordination as a global category (rising maternal mortality in the US and UK equity gaps) with a defensible data asset, and show a route to US or multi-market expansion.","13","13","12","9","8","4","2","8","0","1","1","0","1","1","0"
"Eka Ventures","Venture Capital","Consumer-health and sustainable-consumption seed / Series A VC","United Kingdom","London","https://www.ekavc.com/","https://www.linkedin.com/company/eka-ventures/","","","","","PHONE NOT PUBLICLY AVAILABLE","NOT PUBLICLY AVAILABLE","NOT PUBLICLY AVAILABLE","https://www.ekavc.com/","Seed and Series A in consumer health, sustainable consumption and inclusive economy in the UK and Europe","Yes - consumer health (digital health, wellbeing, care) is a core theme","Digital health, consumer platforms","UK and Europe","Seed, Series A","£1m-£5m (ESTIMATE)","Fund I c.£68m (ESTIMATE; prior knowledge)","Consumer-health portfolio TO VALIDATE","Camilla Dolan","Co-founder and Partner (prior knowledge - confirm on team page)","https://www.ekavc.com/","Website contact form (prior knowledge; TO VALIDATE)","No known route","https://www.ekavc.com/","Unverified (prior knowledge)","Search budget exhausted before this fund could be checked; all fields from prior knowledge and must be validated.","Eka's consumer-health and inclusive-economy themes match a mother-facing maternal-health platform designed around under-served communities.","Eka's minimum cheque is above Vytalix's first round and it will want consumer engagement data that a pre-launch platform lacks.","Return at seed with mother-facing usage metrics from a UK pilot and a clear consumer-plus-B2B model that meets Eka's impact criteria.","14","12","10","10","8","5","2","6","0","1","1","0","1","0","0"
"Triple Point Ventures","Venture Capital","EIS/VCT venture arm of Triple Point (B2B software incl. healthtech)","United Kingdom","London","https://www.triplepoint.co.uk/ventures","https://www.linkedin.com/company/triple-point/","","","","","PHONE NOT PUBLICLY AVAILABLE","NOT PUBLICLY AVAILABLE","NOT PUBLICLY AVAILABLE","https://www.triplepoint.co.uk/ventures","Seed-stage B2B software via EIS funds and VCT; sectors include healthtech, fintech, enterprise software","Partial - healthtech among sectors (names TO VALIDATE)","B2B SaaS, AI","United Kingdom","Seed","£250k-£2m (ESTIMATE)","Triple Point group AUM c.£3bn incl. infrastructure; ventures allocation not stated (ESTIMATE; prior knowledge)","Healthtech names TO VALIDATE","NOT PUBLICLY IDENTIFIED","NOT PUBLICLY IDENTIFIED","https://www.triplepoint.co.uk/ventures","Online pitch form (prior knowledge; TO VALIDATE)","No known route","https://www.triplepoint.co.uk/ventures","Unverified (prior knowledge)","Search budget exhausted before this fund could be checked; all fields from prior knowledge and must be validated.","Triple Point Ventures writes EIS-qualifying seed cheques into UK B2B software including healthtech, fitting an NHS-facing MaternaLink SaaS round.","Triple Point will require a B2B customer pipeline and will discount a model that depends on Nigerian state contracts.","Pitch the UK B2B SaaS case with pilot LOIs and EIS eligibility, keeping the Africa story as optionality.","10","14","14","10","5","3","3","5","0","2","0","0","1","0","0"
"Ascension Ventures","Venture Capital","SEIS/EIS and impact seed fund manager (incl. Fair by Design and impact mandates)","United Kingdom","London","https://www.ascension.vc/","https://www.linkedin.com/company/ascension-ventures/","","","","","PHONE NOT PUBLICLY AVAILABLE","NOT PUBLICLY AVAILABLE","NOT PUBLICLY AVAILABLE","https://www.ascension.vc/","Pre-seed and seed SEIS/EIS investing with impact funds; sectors include healthtech, fintech, consumer, education","Yes - healthtech is a recurring sector across SEIS/EIS and impact funds (names TO VALIDATE)","Software, digital platforms","United Kingdom","Pre-seed, Seed","£150k-£1m (ESTIMATE)","Not stated (prior knowledge insufficient)","Healthtech names TO VALIDATE","Jean de Fougerolles","Founder and Managing Partner (prior knowledge - confirm on team page)","https://www.ascension.vc/","Online application form on https://www.ascension.vc/ (prior knowledge; TO VALIDATE)","Possible - via impact-investing networks (e.g. Fair by Design partners)","https://www.ascension.vc/","Unverified (prior knowledge)","Search budget exhausted before this fund could be checked; all fields from prior knowledge and must be validated. Combination of SEIS/EIS money and impact mandates is well suited to a maternal-health equity thesis.","Ascension pairs SEIS/EIS pre-seed cheques with impact mandates, so a maternal-health platform addressing outcome disparities can qualify on both financial and impact criteria.","Ascension will still require SEIS eligibility, an impact measurement plan and a full-time team, and will challenge unvalidated clinical claims.","Submit an impact-led pre-seed application with defined maternal-equity outcome metrics, the re-based non-diagnostic v1 and SEIS advance assurance.","11","15","15","10","6","5","4","5","0","2","1","0","1","1","0"
"BGF","Venture Capital","UK growth-capital investor (bank-backed; also early-stage and healthcare investments)","United Kingdom","London (regional offices UK-wide)","https://www.bgf.co.uk/","https://www.linkedin.com/company/bgf/","","","","","PHONE NOT PUBLICLY AVAILABLE","NOT PUBLICLY AVAILABLE","NOT PUBLICLY AVAILABLE","https://www.bgf.co.uk/","Minority growth capital £1m-£15m for UK and Irish businesses across sectors including healthcare and technology; some early-stage investments","Partial - healthcare is a sector team (names TO VALIDATE)","Software, healthtech, medtech","United Kingdom and Ireland","Growth, Series A/B; limited early-stage","£1m-£15m (ESTIMATE)","c.£2.5bn+ evergreen capital (ESTIMATE; prior knowledge)","Healthcare growth investments TO VALIDATE","Andy Gregory","Chief Executive Officer (prior knowledge - confirm on team page)","https://www.bgf.co.uk/","Regional office contact forms via https://www.bgf.co.uk/ (prior knowledge; TO VALIDATE)","Possible - via regional BGF offices and bank relationship managers","https://www.bgf.co.uk/","Unverified (prior knowledge)","Search budget exhausted before this fund could be checked; all fields from prior knowledge. Growth investor - included with honest low stage/ticket scores as a future follow-on.","BGF's evergreen, patient capital and regional presence make it a plausible growth investor once Vytalix has revenue, but not a first-round option.","BGF's £1m minimum and revenue requirements rule out a pre-revenue group entirely at this stage.","Track for a future growth round after the advisory business and MaternaLink pilots generate recurring revenue.","10","5","6","10","8","3","4","7","0","1","1","0","1","1","0"
"Balderton Capital","Venture Capital","Series A-focused VC with early-stage fund (Europe; London HQ)","United Kingdom","London","https://www.balderton.com/","https://www.linkedin.com/company/balderton-capital/","","","","","PHONE NOT PUBLICLY AVAILABLE","NOT PUBLICLY AVAILABLE","NOT PUBLICLY AVAILABLE","https://www.balderton.com/","Series A (and selective seed via early-stage fund) across European technology; software, AI, consumer, health","Partial - health investments such as Sophia Genetics and Numan (prior knowledge; TO VALIDATE)","Software, AI, digital health","Europe (UK HQ)","Series A, Series B; some seed","$3m-$20m (ESTIMATE)","Multiple funds; c.$5bn+ raised historically (ESTIMATE; prior knowledge)","Sophia Genetics, Numan (prior knowledge; TO VALIDATE)","Suranga Chandratillake","General Partner (prior knowledge - confirm on team page)","https://www.balderton.com/","Website contact/pitch form (prior knowledge; TO VALIDATE); warm intro preferred","No known route","https://www.balderton.com/","Unverified (prior knowledge)","Search budget exhausted before this fund could be checked; all fields from prior knowledge. Series A-plus investor - included with honest low stage/ticket scores.","Balderton is a leading European Series A investor with health exposure, valuable as a follow-on target once MaternaLink has UK traction.","Balderton's cheque size and Series A bar are far beyond a pre-seed group without product-market fit.","Build awareness only; approach at Series A with multi-trust adoption and outcome data.","11","6","4","9","8","3","2","9","0","1","1","0","1","0","0"
"Zinc VC","Venture Capital","Accelerator fund (mission-led venture builder investing pre-seed cash for equity)","United Kingdom","London","https://www.zinc.vc/","https://www.linkedin.com/company/zinc-vc/","","","","","PHONE NOT PUBLICLY AVAILABLE","NOT PUBLICLY AVAILABLE","NOT PUBLICLY AVAILABLE","https://www.zinc.vc/","Venture-builder programmes around social missions (e.g. mental health, healthier later life, children and families, environment) with pre-seed investment in companies formed on the programme","Yes - health missions are central (mental health, later life, family health)","Digital platforms, AI, behavioural science","United Kingdom","Pre-seed (programme)","c.£150k-£250k pre-seed on programme (ESTIMATE; prior knowledge)","Not stated (prior knowledge insufficient)","Mission-driven health ventures TO VALIDATE","Ella Goldner","Co-founder and General Manager (prior knowledge - confirm on team page)","https://www.zinc.vc/","Programme application on https://www.zinc.vc/ (prior knowledge; TO VALIDATE)","Possible - via Zinc alumni founders","https://www.zinc.vc/","Unverified (prior knowledge)","Search budget exhausted before this fund could be checked; all fields from prior knowledge and must be validated. Like EF, Zinc invests in companies built inside its programme.","Zinc builds mission-led health ventures with pre-seed capital and research support, and its family- and health-focused missions overlap with maternal health.","Zinc invests in ventures founded inside its programme, so an existing company with an existing product arrangement would need to be re-founded within a mission cohort.","Consider only if a relevant mission cohort opens (e.g. women's or family health) and the founder can commit full-time to building MaternaLink within it.","12","15","12","10","8","5","4","5","0","2","1","0","1","1","0"
